t_s,frame_id,camera_timestamp_ns,contrast_roi1,contrast_roi2,mean_roi1,mean_roi2,ratio_roi1_roi2,raw_index
0.000000,0,4763082904960,0.339351,0.230978,20083.66,8609.95,1.469189,0
0.016589,1,4763099672200,0.339176,0.228592,20071.80,8587.13,1.483759,
0.033374,2,4763116440088,0.339207,0.226546,20074.92,8606.25,1.497297,
0.050191,3,4763133208144,0.339047,0.228264,20069.25,8582.72,1.485329,
0.066956,4,4763149976112,0.339374,0.230767,20078.85,8563.02,1.470637,
0.083674,5,4763166743144,0.339285,0.227576,20074.40,8544.61,1.490864,
0.100399,6,4763183511016,0.339064,0.225770,20070.50,8551.92,1.501811,
0.117220,7,4763200278272,0.339330,0.227154,20068.06,8571.58,1.493829,
0.134040,8,4763217045816,0.339359,0.226274,20078.16,8627.19,1.499771,
0.150846,9,4763233814088,0.339143,0.224756,20080.71,8586.63,1.508940,
0.167544,10,4763250582072,0.339490,0.225203,20078.32,8566.76,1.507485,
0.184242,11,4763267349736,0.339168,0.222112,20074.59,8529.04,1.527016,
0.200980,12,4763284117072,0.338859,0.226542,20080.91,8552.79,1.495787,
0.217774,13,4763300884568,0.339037,0.221699,20067.88,8530.43,1.529265,
0.234545,14,4763317652072,0.338561,0.220165,20069.43,8535.55,1.537759,
0.251377,15,4763334420240,0.339399,0.228196,20065.59,8525.18,1.487313,
0.268128,16,4763351187976,0.339442,0.226687,20071.29,8535.95,1.497402,
0.284893,17,4763367954760,0.339266,0.227917,20064.19,8550.99,1.488552,
0.301658,18,4763384723016,0.339310,0.225925,20072.33,8493.68,1.501867,
0.318434,19,4763401491032,0.339097,0.225022,20068.72,8521.72,1.506949,
0.335217,20,4763418257976,0.338725,0.224527,20073.95,8497.72,1.508614,1
0.351954,21,4763435025832,0.339022,0.224041,20067.24,8528.87,1.513216,
0.368725,22,4763451793832,0.338887,0.223973,20074.28,8513.79,1.513071,
0.385442,23,4763468560720,0.338937,0.222354,20070.78,8544.82,1.524311,
0.402265,24,4763485328496,0.338673,0.222981,20074.38,8590.75,1.518842,
0.419004,25,4763502096240,0.338659,0.220444,20078.59,8550.27,1.536260,
0.435796,26,4763518864440,0.338968,0.226301,20079.64,8573.91,1.497865,
0.452540,27,4763535631408,0.339028,0.223613,20072.74,8520.93,1.516139,
0.469278,28,4763552399088,0.339058,0.222847,20070.98,8586.85,1.521483,
0.486170,29,4763569167256,0.339482,0.225018,20070.15,8562.32,1.508693,
0.502799,30,4763585934592,0.338934,0.225726,20076.86,8520.72,1.501531,
0.519577,31,4763602702240,0.338318,0.224801,20082.16,8521.06,1.504967,
0.536371,32,4763619470032,0.339024,0.228619,20078.27,8514.21,1.482919,
0.553129,33,4763636238056,0.339199,0.226413,20077.43,8500.12,1.498145,
0.569960,34,4763653005592,0.339081,0.230494,20071.76,8548.11,1.471106,
0.586696,35,4763669772960,0.339365,0.232045,20071.27,8572.08,1.462499,
0.603475,36,4763686541000,0.338935,0.230300,20074.12,8515.02,1.471711,
0.620290,37,4763703308200,0.338409,0.230209,20069.45,8546.00,1.470012,
0.637073,38,4763720076440,0.339037,0.231593,20066.92,8584.06,1.463933,
0.653793,39,4763736843552,0.338843,0.231053,20070.84,8569.15,1.466518,
0.670501,40,4763753611920,0.339431,0.231954,20072.60,8583.99,1.463358,2
0.687355,41,4763770379200,0.339193,0.233425,20064.20,8546.18,1.453115,
0.704078,42,4763787146496,0.338713,0.233312,20063.44,8563.68,1.451761,
0.720868,43,4763803914216,0.338922,0.230155,20078.36,8560.49,1.472583,
0.737663,44,4763820681832,0.338912,0.230481,20072.83,8543.17,1.470458,
0.754366,45,4763837449240,0.339092,0.227002,20074.09,8584.51,1.493783,
0.771196,46,4763854217000,0.338880,0.224560,20074.11,8569.86,1.509084,
0.788009,47,4763870984592,0.338934,0.228974,20068.60,8546.27,1.480229,
0.804668,48,4763887752384,0.339447,0.231406,20078.48,8588.54,1.466890,
0.821436,49,4763904520200,0.339190,0.226971,20072.51,8586.43,1.494420,
0.838251,50,4763921288512,0.338880,0.226996,20077.05,8560.24,1.492892,
0.855019,51,4763938055704,0.339359,0.227605,20082.67,8565.63,1.491001,
0.871757,52,4763954823112,0.339515,0.227544,20077.98,8518.95,1.492085,
0.888497,53,4763971590704,0.338608,0.225440,20082.93,8557.04,1.501984,
0.905261,54,4763988358352,0.339167,0.224605,20073.15,8550.41,1.510060,
0.922050,55,4764005126680,0.339138,0.224121,20066.75,8512.80,1.513190,
0.938819,56,4764021894352,0.339156,0.227623,20074.75,8544.49,1.489990,
0.955597,57,4764038661200,0.339013,0.227074,20070.36,8570.05,1.492962,
0.972365,58,4764055429552,0.339294,0.224280,20075.00,8555.47,1.512814,
0.989127,59,4764072197200,0.339399,0.227438,20076.35,8588.40,1.492270,
1.005879,60,4764088965016,0.339329,0.228675,20072.50,8552.27,1.483891,3
1.022633,61,4764105732256,0.339652,0.225491,20082.50,8544.51,1.506277,
1.039421,62,4764122499592,0.339592,0.227554,20081.12,8530.14,1.492356,
1.056195,63,4764139267496,0.339647,0.229388,20075.33,8572.61,1.480668,
1.072914,64,4764156035592,0.339336,0.225534,20069.25,8559.19,1.504587,
1.089738,65,4764172802720,0.339450,0.229034,20074.89,8507.54,1.482097,
1.106457,66,4764189571016,0.339184,0.227567,20080.08,8533.00,1.490481,
1.123295,67,4764206338480,0.339060,0.228084,20081.92,8555.07,1.486562,
1.140079,68,4764223105568,0.339436,0.231615,20076.86,8615.18,1.465516,
1.156883,69,4764239873792,0.339383,0.228612,20080.68,8629.96,1.484538,
1.173827,70,4764256640944,0.339436,0.230290,20078.00,8642.44,1.473948,
1.190425,71,4764273409312,0.339734,0.228716,20078.20,8638.20,1.485397,
1.207114,72,4764290176832,0.339035,0.228097,20070.68,8631.67,1.486365,
1.223963,73,4764306944016,0.339618,0.227434,20082.78,8619.50,1.493257,
1.240640,74,4764323712240,0.339304,0.228799,20078.91,8641.19,1.482977,
1.257424,75,4764340479680,0.339330,0.228461,20075.44,8638.70,1.485284,
1.274126,76,4764357247680,0.339468,0.229958,20082.27,8629.18,1.476214,
1.290975,77,4764374015184,0.340117,0.230886,20086.46,8625.18,1.473094,
1.307750,78,4764390782512,0.339415,0.228009,20080.76,8577.16,1.488602,
1.324427,79,4764407550216,0.339883,0.227816,20079.74,8615.75,1.491915,
1.341252,80,4764424318032,0.339862,0.229059,20070.00,8642.71,1.483734,4
1.358098,81,4764441085848,0.339321,0.226265,20086.01,8613.82,1.499665,
1.374849,82,4764457853240,0.339284,0.229123,20076.70,8588.74,1.480795,
1.391537,83,4764474621032,0.339644,0.227505,20083.25,8663.96,1.492905,
1.408344,84,4764491388848,0.339026,0.227937,20078.09,8639.40,1.487367,
1.425082,85,4764508155736,0.339583,0.224703,20087.05,8599.10,1.511249,
1.441853,86,4764524923464,0.339189,0.226593,20076.40,8614.37,1.496910,
1.458664,87,4764541691720,0.339384,0.223996,20068.70,8607.35,1.515139,
1.475345,88,4764558459216,0.339346,0.225142,20079.41,8599.32,1.507253,
1.492220,89,4764575226720,0.339590,0.226100,20084.13,8588.19,1.501948,
1.508926,90,4764591994112,0.339198,0.230505,20087.08,8593.79,1.471543,
1.525686,91,4764608762032,0.339515,0.228525,20078.20,8640.42,1.485678,
1.542479,92,4764625530072,0.339386,0.224743,20074.38,8643.72,1.510110,
1.559251,93,4764642297736,0.339496,0.230151,20078.96,8667.08,1.475100,
1.576027,94,4764659064904,0.339532,0.229601,20073.17,8666.16,1.478790,
1.592783,95,4764675832240,0.339277,0.229317,20077.40,8673.52,1.479512,
1.609555,96,4764692600536,0.339486,0.228902,20077.52,8642.55,1.483106,
1.626334,97,4764709368216,0.339771,0.226931,20085.78,8619.78,1.497244,
1.643169,98,4764726135680,0.339633,0.230360,20088.38,8613.34,1.474359,
1.659855,99,4764742903184,0.339172,0.228494,20090.04,8584.69,1.484377,
1.676662,100,4764759671056,0.339107,0.227517,20090.37,8625.73,1.490466,5
1.693386,101,4764776438680,0.339282,0.227125,20075.59,8549.27,1.493812,
1.710208,102,4764793206832,0.339294,0.228663,20075.04,8554.46,1.483815,
1.726927,103,4764809974200,0.339533,0.227864,20075.57,8561.38,1.490072,
1.743653,104,4764826741536,0.339431,0.225800,20074.60,8580.37,1.503238,
1.760452,105,4764843509216,0.339003,0.229171,20092.32,8571.55,1.479259,
1.777270,106,4764860276608,0.339153,0.226858,20083.62,8588.93,1.494997,
1.794009,107,4764877044736,0.339152,0.225524,20096.26,8603.41,1.503835,
1.810738,108,4764893812144,0.339328,0.222766,20088.22,8593.06,1.523248,
1.827537,109,4764910580256,0.339227,0.226478,20091.96,8619.67,1.497836,
1.844286,110,4764927348056,0.339787,0.230341,20082.36,8644.55,1.475149,
1.861070,111,4764944115032,0.339827,0.224873,20090.44,8639.87,1.511194,
1.877847,112,4764960882664,0.339662,0.226779,20089.85,8636.71,1.497771,
1.894617,113,4764977650680,0.339566,0.229653,20091.03,8651.12,1.478605,
1.911353,114,4764994418592,0.339040,0.231631,20087.56,8655.41,1.463708,
1.928179,115,4765011186016,0.339323,0.229889,20092.51,8641.10,1.476028,
1.944920,116,4765027953568,0.339256,0.226398,20086.18,8590.04,1.498497,
1.961729,117,4765044721512,0.339546,0.226949,20097.19,8574.80,1.496135,
1.978458,118,4765061488536,0.339972,0.222111,20086.57,8579.87,1.530636,
1.995108,119,4765078256736,0.339573,0.225329,20084.40,8612.70,1.507010,
2.011917,120,4765095024032,0.339342,0.227088,20093.86,8618.69,1.494318,6
2.028756,121,4765111792256,0.339327,0.226951,20089.56,8581.44,1.495156,
2.045562,122,4765128559848,0.339346,0.228072,20089.16,8604.77,1.487890,
2.062284,123,4765145327552,0.339497,0.229620,20096.17,8601.41,1.478520,
2.078998,124,4765162095112,0.339455,0.227401,20092.40,8624.63,1.492761,
2.095833,125,4765178862848,0.339480,0.231158,20087.95,8622.30,1.468605,
2.112560,126,4765195630536,0.339609,0.229910,20090.12,8634.34,1.477139,
2.129353,127,4765212398200,0.339485,0.228331,20084.13,8672.45,1.486809,
2.146070,128,4765229165072,0.339719,0.228533,20087.14,8662.93,1.486521,
2.162843,129,4765245933240,0.339481,0.229070,20095.25,8619.19,1.481997,
2.179660,130,4765262700976,0.339459,0.227697,20105.47,8595.16,1.490837,
2.196465,131,4765279468240,0.339654,0.225824,20089.72,8599.05,1.504062,
2.213198,132,4765296235720,0.338994,0.225537,20091.78,8606.40,1.503054,
2.229944,133,4765313004216,0.339939,0.227066,20099.61,8625.42,1.497093,
2.246696,134,4765329771920,0.339329,0.229121,20098.66,8636.80,1.481000,
2.263412,135,4765346538776,0.339402,0.228290,20099.26,8580.28,1.486715,
2.280234,136,4765363306536,0.338935,0.225795,20100.61,8572.75,1.501074,
2.296988,137,4765380074216,0.339451,0.228057,20110.92,8574.77,1.488449,
2.313795,138,4765396842072,0.339339,0.228466,20103.35,8624.19,1.485293,
2.330513,139,4765413609592,0.339350,0.228606,20097.02,8626.19,1.484429,
2.347292,140,4765430377072,0.339403,0.229593,20101.63,8560.66,1.478280,7
2.364095,141,4765447144944,0.339612,0.228727,20100.67,8578.76,1.484794,
2.380821,142,4765463913056,0.339260,0.226264,20095.95,8561.59,1.499403,
2.397619,143,4765480680496,0.339065,0.233145,20107.00,8612.05,1.454310,
2.414369,144,4765497448312,0.339298,0.231031,20104.29,8633.96,1.468628,
2.431122,145,4765514215592,0.339088,0.231768,20103.82,8590.94,1.463050,
2.447898,146,4765530983112,0.339488,0.233658,20112.31,8594.44,1.452930,
2.464629,147,4765547750592,0.339506,0.232124,20098.92,8652.66,1.462602,
2.481483,148,4765564518424,0.339160,0.233521,20101.38,8647.76,1.452378,
2.498197,149,4765581286704,0.339236,0.231953,20109.92,8634.22,1.462520,
2.514947,150,4765598054296,0.339365,0.233736,20104.02,8603.79,1.451920,
2.531699,151,4765614821240,0.339612,0.232405,20103.90,8579.64,1.461293,
2.548499,152,4765631589776,0.339648,0.234794,20112.75,8570.21,1.446575,
2.565229,153,4765648356760,0.339075,0.235351,20103.78,8593.32,1.440719,
2.582011,154,4765665124960,0.338865,0.235270,20103.30,8613.83,1.440326,
2.598744,155,4765681892200,0.339577,0.234793,20103.74,8580.91,1.446284,
2.615566,156,4765698659960,0.339773,0.234537,20108.03,8596.36,1.448701,
2.632306,157,4765715428144,0.339622,0.232227,20102.08,8612.29,1.462452,
2.649148,158,4765732194920,0.339288,0.230121,20095.33,8590.00,1.474387,
2.665906,159,4765748962736,0.339359,0.231706,20111.62,8591.53,1.464610,
2.682752,160,4765765731088,0.339452,0.232856,20112.92,8624.12,1.457778,8
2.699396,161,4765782498240,0.339289,0.230842,20116.28,8638.32,1.469789,
2.716142,162,4765799265648,0.339222,0.230671,20109.09,8620.79,1.470590,
2.732883,163,4765816033328,0.339471,0.231339,20104.56,8586.02,1.467417,
2.749725,164,4765832801016,0.339359,0.233053,20115.53,8614.33,1.456144,
2.766508,165,4765849569216,0.339584,0.231448,20115.96,8637.47,1.467218,
2.783273,166,4765866336512,0.339364,0.233046,20112.91,8624.01,1.456213,
2.799983,167,4765883104256,0.339282,0.228247,20107.82,8633.79,1.486465,
2.816755,168,4765899872000,0.339140,0.231204,20115.18,8613.25,1.466843,
2.833511,169,4765916639904,0.339776,0.233163,20115.56,8615.11,1.457247,
2.850325,170,4765933407536,0.339235,0.233363,20101.68,8585.13,1.453682,
2.867179,171,4765950175072,0.339122,0.234439,20107.65,8614.52,1.446524,
2.883934,172,4765966942144,0.338963,0.230762,20111.37,8551.37,1.468886,
2.900675,173,4765983710032,0.339138,0.228401,20105.51,8531.12,1.484835,
2.917454,174,4766000478072,0.338845,0.230682,20110.50,8575.56,1.468882,
2.934234,175,4766017245328,0.339387,0.231823,20112.45,8535.59,1.463989,
2.950978,176,4766034013088,0.339127,0.231769,20108.68,8573.69,1.463212,
2.967711,177,4766050780736,0.339083,0.233620,20106.89,8556.79,1.451431,
2.984508,178,4766067548552,0.339585,0.234672,20110.70,8579.73,1.447061,
3.001252,179,4766084315832,0.339204,0.232025,20108.22,8580.65,1.461929,
3.017977,180,4766101083496,0.339477,0.231841,20113.59,8639.72,1.464263,9
3.034729,181,4766117851240,0.339048,0.228384,20111.35,8610.30,1.484547,
3.051556,182,4766134619056,0.339307,0.229786,20115.76,8607.21,1.476623,
3.068279,183,4766151387200,0.339305,0.230968,20118.30,8602.84,1.469056,
3.085114,184,4766168154568,0.339164,0.229623,20116.45,8586.33,1.477043,
3.101899,185,4766184921888,0.338985,0.229421,20108.10,8618.23,1.477569,
3.118684,186,4766201690088,0.339438,0.231379,20107.42,8610.64,1.467025,
3.135592,187,4766218457944,0.339343,0.229184,20109.01,8656.86,1.480661,
3.152210,188,4766235225496,0.339131,0.232302,20118.05,8627.45,1.459868,
3.168965,189,4766251992384,0.339321,0.231495,20116.28,8668.49,1.465783,
3.186053,190,4766268760072,0.339337,0.232126,20122.00,8645.45,1.461864,
3.202532,191,4766285528552,0.339758,0.228333,20111.72,8660.36,1.487996,
3.219188,192,4766302296072,0.339758,0.230562,20118.17,8651.75,1.473608,
3.235931,193,4766319063592,0.339679,0.227870,20112.08,8615.24,1.490671,
3.252693,194,4766335831112,0.339683,0.229666,20109.39,8601.86,1.479032,
3.269472,195,4766352598720,0.339671,0.230592,20116.35,8621.92,1.473043,
3.286250,196,4766369366072,0.339593,0.231941,20115.05,8632.90,1.464134,
3.303076,197,4766386134032,0.339404,0.234658,20116.90,8623.71,1.446375,
3.319835,198,4766402901512,0.339270,0.235185,20115.52,8613.24,1.442567,
3.336601,199,4766419669216,0.339323,0.232811,20116.15,8649.27,1.457502,
3.353384,200,4766436437088,0.339374,0.234115,20115.92,8638.87,1.449607,10
3.370234,201,4766453204200,0.339921,0.233179,20122.68,8658.27,1.457767,
3.386943,202,4766469971944,0.339405,0.237222,20114.27,8643.29,1.430749,
3.403717,203,4766486740240,0.339216,0.234176,20112.42,8657.25,1.448552,
3.420422,204,4766503507568,0.339157,0.236515,20116.51,8639.46,1.433975,
3.437271,205,4766520274976,0.339063,0.235089,20111.35,8614.66,1.442272,
3.454114,206,4766537042552,0.339401,0.235151,20114.52,8638.31,1.443333,
3.470828,207,4766553810960,0.339588,0.236066,20112.50,8670.64,1.438529,
3.487573,208,4766570578424,0.339006,0.231095,20120.01,8669.37,1.466953,
3.504716,209,4766587346168,0.339631,0.232007,20115.28,8671.64,1.463885,
3.521083,210,4766604114088,0.339612,0.234095,20120.24,8668.64,1.450743,
3.537921,211,4766620881200,0.339594,0.234738,20117.47,8648.65,1.446693,
3.554596,212,4766637648592,0.339666,0.232109,20117.86,8626.16,1.463391,
3.571425,213,4766654416144,0.339103,0.232509,20120.06,8630.86,1.458448,
3.588174,214,4766671184536,0.339616,0.231415,20126.52,8627.62,1.467559,
3.605003,215,4766687952112,0.339653,0.232830,20119.12,8618.68,1.458802,
3.621716,216,4766704720072,0.339562,0.232869,20123.98,8632.96,1.458171,
3.638450,217,4766721487112,0.339594,0.235492,20126.32,8652.92,1.442064,
3.655319,218,4766738255016,0.339408,0.230530,20121.97,8658.53,1.472298,
3.672205,219,4766755022272,0.339468,0.232663,20112.35,8665.00,1.459054,
3.688828,220,4766771790112,0.339648,0.232025,20118.75,8671.23,1.463842,11
3.705549,221,4766788558216,0.340062,0.234782,20119.88,8649.56,1.448412,
3.722263,222,4766805325760,0.339543,0.230166,20116.81,8670.48,1.475207,
3.739034,223,4766822092960,0.339683,0.235067,20115.16,8695.83,1.445046,
3.755790,224,4766838860536,0.339680,0.233377,20111.92,8676.44,1.455501,
3.772569,225,4766855628240,0.339749,0.230652,20109.81,8628.48,1.472990,
3.789338,226,4766872396496,0.339931,0.232272,20111.92,8718.97,1.463499,
3.806194,227,4766889164200,0.339710,0.230400,20112.29,8702.40,1.474439,
3.822995,228,4766905931408,0.339474,0.229183,20115.51,8677.84,1.481234,
3.839803,229,4766922698776,0.339162,0.227474,20124.90,8615.85,1.490991,
3.856513,230,4766939467072,0.338965,0.226399,20114.80,8605.77,1.497204,
3.873208,231,4766956234112,0.339116,0.226969,20119.90,8606.97,1.494106,
3.889943,232,4766973002608,0.339645,0.227159,20113.41,8603.31,1.495183,
3.906759,233,4766989770072,0.339269,0.228660,20119.77,8595.23,1.483728,
3.923557,234,4767006537056,0.339311,0.224470,20114.90,8591.12,1.511607,
3.940280,235,4767023304664,0.339214,0.221389,20110.95,8617.43,1.532205,
3.957050,236,4767040073056,0.339439,0.227163,20114.54,8601.62,1.494254,
3.973793,237,4767056840720,0.339693,0.228010,20112.22,8638.03,1.489816,
3.990602,238,4767073607680,0.339297,0.229091,20115.42,8612.20,1.481055,
4.007367,239,4767090376216,0.339142,0.229257,20114.98,8627.32,1.479312,
4.024089,240,4767107143920,0.339519,0.231255,20105.81,8618.27,1.468160,12
4.040866,241,4767123910704,0.339582,0.232328,20107.71,8661.08,1.461646,
4.057643,242,4767140678408,0.339225,0.227569,20109.16,8625.53,1.490648,
4.074440,243,4767157446776,0.339125,0.229336,20105.95,8631.13,1.478724,
4.091246,244,4767174214072,0.339231,0.230936,20104.19,8593.67,1.468939,
4.108040,245,4767190981736,0.339771,0.231322,20114.25,8584.10,1.468823,
4.124693,246,4767207749088,0.339302,0.231936,20104.88,8555.65,1.462912,
4.141538,247,4767224517424,0.339909,0.232200,20111.39,8537.78,1.463865,
4.158320,248,4767241284976,0.340072,0.229609,20110.98,8522.96,1.481095,
4.175020,249,4767258052680,0.339560,0.229551,20112.88,8565.98,1.479234,
4.191769,250,4767274820088,0.339384,0.229470,20115.81,8522.03,1.478993,
4.208554,251,4767291587240,0.339133,0.230992,20116.95,8524.30,1.468159,
4.225213,252,4767308354944,0.339489,0.231946,20123.02,8540.36,1.463654,
4.242028,253,4767325123032,0.339572,0.231098,20123.88,8550.23,1.469389,
4.258823,254,4767341890464,0.340065,0.233208,20124.82,8570.34,1.458207,
4.275552,255,4767358658000,0.339142,0.235666,20122.19,8600.79,1.439078,
4.292428,256,4767375425552,0.339544,0.233102,20119.52,8609.06,1.456636,
4.309181,257,4767392193216,0.339650,0.231021,20111.16,8596.97,1.470212,
4.325940,258,4767408961112,0.338789,0.233378,20113.68,8587.09,1.451674,
4.342710,259,4767425729184,0.339168,0.233830,20111.67,8566.76,1.450488,
4.359471,260,4767442497056,0.339434,0.236546,20110.09,8525.16,1.434961,13
4.376263,261,4767459264312,0.339183,0.234654,20108.49,8551.33,1.445461,
4.393012,262,4767476031496,0.339548,0.234933,20125.89,8598.68,1.445298,
4.409722,263,4767492799736,0.339416,0.236977,20115.14,8629.47,1.432274,
4.426534,264,4767509566960,0.339428,0.232687,20107.80,8598.96,1.458730,
4.443351,265,4767526334848,0.339521,0.234903,20115.26,8619.03,1.445367,
4.460073,266,4767543102088,0.339251,0.235467,20115.25,8619.07,1.440759,
4.476817,267,4767559870704,0.339343,0.230680,20115.19,8569.03,1.471058,
4.493633,268,4767576637552,0.339026,0.228505,20112.95,8569.38,1.483668,
4.510445,269,4767593405496,0.339335,0.231544,20117.52,8549.94,1.465532,
4.527086,270,4767610173720,0.339173,0.233356,20115.19,8557.27,1.453454,
4.543854,271,4767626940680,0.339388,0.234117,20112.15,8579.15,1.449653,
4.560687,272,4767643708056,0.339148,0.233511,20118.70,8585.75,1.452387,
4.577450,273,4767660476200,0.339565,0.234113,20116.52,8583.55,1.450435,
4.594163,274,4767677244296,0.339339,0.231515,20112.24,8609.05,1.465734,
4.611033,275,4767694011720,0.339478,0.231640,20111.78,8597.96,1.465538,
4.627819,276,4767710778928,0.339843,0.231923,20118.13,8605.62,1.465326,
4.644578,277,4767727546408,0.339065,0.233814,20118.18,8607.00,1.450151,
4.661352,278,4767744314592,0.339211,0.233951,20107.56,8577.82,1.449922,
4.678068,279,4767761082240,0.339417,0.233503,20119.22,8588.45,1.453586,
4.694840,280,4767777849496,0.339591,0.230806,20115.13,8619.35,1.471327,14
4.711597,281,4767794617240,0.339791,0.232340,20117.15,8671.96,1.462475,
4.728289,282,4767811385088,0.339447,0.232474,20116.20,8684.62,1.460155,
4.745081,283,4767828152536,0.339645,0.232389,20112.97,8635.12,1.461537,
4.761817,284,4767844920464,0.339648,0.236109,20118.88,8598.96,1.438523,
4.778635,285,4767861687664,0.339729,0.236088,20123.32,8612.53,1.438994,
4.795450,286,4767878456088,0.339479,0.235795,20126.41,8629.99,1.439722,
4.812279,287,4767895223056,0.339020,0.237037,20116.41,8573.06,1.430244,
4.828909,288,4767911991592,0.339481,0.234242,20120.28,8571.48,1.449276,
4.845730,289,4767928758312,0.339125,0.234878,20116.30,8525.92,1.443835,
4.862455,290,4767945526568,0.339384,0.234999,20115.74,8500.23,1.444195,
4.879209,291,4767962293720,0.339705,0.238664,20116.45,8540.91,1.423357,
4.896035,292,4767979061552,0.339310,0.236443,20114.27,8562.18,1.435064,
4.912728,293,4767995829888,0.339681,0.236983,20109.72,8527.73,1.433357,
4.929554,294,4768012596816,0.339545,0.235592,20103.76,8533.87,1.441243,
4.946379,295,4768029365056,0.339546,0.234507,20111.87,8519.88,1.447915,
4.963169,296,4768046132112,0.339354,0.233821,20123.37,8564.29,1.451342,
4.979871,297,4768062900088,0.339563,0.234030,20118.84,8564.35,1.450939,
4.996679,298,4768079668056,0.339328,0.233194,20117.24,8584.79,1.455134,
5.013433,299,4768096435056,0.339611,0.230963,20117.26,8582.41,1.470409,
5.030211,300,4768113203056,0.339760,0.229622,20115.33,8572.84,1.479647,15
5.046886,301,4768129971000,0.339688,0.230953,20109.71,8548.78,1.470810,
5.063645,302,4768146738088,0.339446,0.230991,20120.66,8601.38,1.469520,
5.080519,303,4768163506480,0.339186,0.229508,20124.42,8602.62,1.477882,
5.097322,304,4768180273240,0.339190,0.231955,20120.87,8534.56,1.462306,
5.113904,305,4768197041720,0.339742,0.230096,20116.96,8568.35,1.476525,
5.130769,306,4768213808816,0.340014,0.230841,20117.35,8535.81,1.472935,
5.147523,307,4768230576664,0.339433,0.229941,20124.08,8527.57,1.476172,
5.164300,308,4768247344112,0.339698,0.229269,20118.50,8582.53,1.481654,
5.180983,309,4768264111960,0.338800,0.230217,20117.20,8532.37,1.471654,
5.197812,310,4768280879480,0.339174,0.232954,20122.50,8556.10,1.455968,
5.214566,311,4768297647736,0.339463,0.229199,20111.26,8540.53,1.481086,
5.231328,312,4768314414832,0.339606,0.228020,20110.39,8533.91,1.489366,
5.248066,313,4768331182736,0.339693,0.231421,20118.43,8464.76,1.467857,
5.264925,314,4768347950440,0.339324,0.229407,20123.89,8482.80,1.479138,
5.281654,315,4768364718240,0.339505,0.229996,20120.61,8540.68,1.476136,
5.298369,316,4768381485440,0.339007,0.229467,20116.54,8563.53,1.477369,
5.315113,317,4768398253736,0.339083,0.231209,20125.02,8571.88,1.466561,
5.331914,318,4768415021072,0.338873,0.231363,20127.33,8582.34,1.464683,
5.348664,319,4768431788792,0.339752,0.229133,20122.31,8549.72,1.482771,
5.365503,320,4768448556592,0.339540,0.231121,20117.71,8542.76,1.469104,16
5.382204,321,4768465323592,0.339587,0.231402,20120.10,8558.33,1.467520,
5.399067,322,4768482091296,0.339553,0.228779,20133.71,8568.82,1.484198,
5.415776,323,4768498859216,0.339274,0.230201,20122.84,8568.49,1.473812,
5.432515,324,4768515626536,0.339250,0.230260,20120.74,8575.17,1.473337,
5.449350,325,4768532394240,0.339440,0.230916,20125.47,8599.74,1.469975,
5.466139,326,4768549162032,0.339502,0.231778,20120.03,8608.06,1.464775,
5.482938,327,4768565929664,0.339363,0.228737,20116.38,8541.28,1.483634,
5.499690,328,4768582697088,0.339397,0.231612,20119.69,8544.45,1.465368,
5.516393,329,4768599465184,0.339134,0.230150,20121.95,8536.50,1.473535,
5.533203,330,4768616232888,0.339738,0.231318,20117.16,8526.04,1.468704,
5.549906,331,4768633000256,0.339238,0.228480,20112.40,8513.00,1.484762,
5.566770,332,4768649768272,0.339704,0.231894,20126.78,8518.10,1.464906,
5.583542,333,4768666536168,0.339343,0.230423,20118.69,8569.42,1.472697,
5.600400,334,4768683303480,0.339681,0.232036,20129.78,8494.31,1.463916,
5.617104,335,4768700070976,0.339103,0.227030,20112.01,8538.52,1.493650,
5.633895,336,4768716838480,0.339236,0.229736,20113.74,8558.30,1.476638,
5.650545,337,4768733606168,0.338672,0.233246,20115.85,8565.95,1.451991,
5.667320,338,4768750374328,0.338834,0.226186,20116.31,8544.65,1.498029,
5.684038,339,4768767141704,0.339127,0.233201,20119.89,8531.19,1.454229,
5.700986,340,4768783908960,0.338992,0.229363,20122.21,8496.31,1.477974,17
5.717561,341,4768800677168,0.338862,0.229436,20123.47,8566.50,1.476935,
5.734356,342,4768817445200,0.338752,0.225568,20121.35,8516.68,1.501774,
5.751121,343,4768834212168,0.339028,0.225429,20118.45,8509.47,1.503922,
5.767887,344,4768850979976,0.339702,0.227672,20109.99,8508.97,1.492067,
5.784655,345,4768867747792,0.339132,0.231329,20115.96,8523.23,1.466018,
5.801414,346,4768884515000,0.339239,0.229223,20119.84,8566.32,1.479953,
5.818247,347,4768901282736,0.339178,0.229101,20120.33,8531.72,1.480476,
5.835005,348,4768918050496,0.339038,0.229546,20113.22,8551.75,1.476995,
5.851760,349,4768934818112,0.339632,0.228145,20121.11,8605.40,1.488668,
5.868544,350,4768951585960,0.339272,0.228634,20123.56,8629.25,1.483908,
5.885348,351,4768968353808,0.339580,0.226819,20125.68,8625.23,1.497138,
5.902137,352,4768985121424,0.339645,0.230679,20117.56,8609.05,1.472368,
5.918882,353,4769001889240,0.339333,0.227945,20126.52,8599.71,1.488662,
5.935566,354,4769018657072,0.339063,0.227386,20114.23,8570.98,1.491134,
5.952411,355,4769035424680,0.339319,0.228794,20119.06,8551.00,1.483076,
5.969044,356,4769052192072,0.339152,0.229990,20116.81,8558.25,1.474639,
5.985879,357,4769068959184,0.339487,0.232184,20120.30,8594.23,1.462145,
6.002693,358,4769085727016,0.339408,0.232762,20120.47,8607.29,1.458174,
6.019439,359,4769102495216,0.339489,0.229780,20125.05,8587.13,1.477451,
6.036222,360,4769119262552,0.338761,0.227506,20115.81,8551.71,1.489018,18
6.052956,361,4769136030736,0.338561,0.233842,20121.01,8538.50,1.447817,
6.069737,362,4769152797496,0.339748,0.230399,20130.94,8532.60,1.474605,
6.086475,363,4769169565168,0.339799,0.232421,20117.55,8546.30,1.462002,
6.103256,364,4769186333568,0.339982,0.231263,20126.22,8506.30,1.470111,
6.119973,365,4769203101216,0.339787,0.233750,20125.90,8527.64,1.453638,
6.136855,366,4769219868536,0.339420,0.234321,20124.01,8532.32,1.448530,
6.153682,367,4769236636072,0.338835,0.230054,20129.38,8492.92,1.472848,
6.170362,368,4769253404088,0.339135,0.227715,20121.65,8485.89,1.489296,
6.187173,369,4769270171216,0.340014,0.229724,20118.96,8497.19,1.480099,
6.204034,370,4769286939056,0.339911,0.227333,20121.49,8515.70,1.495214,
6.220766,371,4769303706720,0.339673,0.228824,20118.48,8560.68,1.484428,
6.237504,372,4769320474904,0.339298,0.230721,20121.40,8537.86,1.470598,
6.254354,373,4769337242240,0.338743,0.232907,20107.80,8533.22,1.454413,
6.270956,374,4769354010216,0.338566,0.233452,20122.11,8550.85,1.450261,
6.287768,375,4769370777920,0.339253,0.228446,20117.82,8512.19,1.485050,
6.304485,376,4769387545592,0.339335,0.230730,20108.00,8461.59,1.470704,
6.321242,377,4769404313216,0.339962,0.227455,20116.92,8490.79,1.494634,
6.338008,378,4769421080904,0.339865,0.226769,20115.86,8524.43,1.498729,
6.354741,379,4769437848592,0.338838,0.229131,20113.55,8540.64,1.478794,
6.371529,380,4769454615568,0.338877,0.234462,20125.25,8534.24,1.445339,19
6.388394,381,4769471383296,0.338958,0.232745,20121.34,8510.39,1.456350,
6.405058,382,4769488151552,0.339539,0.231590,20121.01,8501.85,1.466120,
6.421893,383,4769504919296,0.339643,0.227089,20117.79,8473.75,1.495635,
6.438745,384,4769521686576,0.339731,0.229266,20121.20,8519.62,1.481820,
6.455477,385,4769538453960,0.339292,0.225675,20120.36,8514.42,1.503451,
6.472215,386,4769555221720,0.339067,0.229590,20116.00,8496.24,1.476836,
6.488943,387,4769571989032,0.338628,0.229992,20118.40,8512.28,1.472344,
6.505690,388,4769588757440,0.339176,0.228721,20128.01,8559.55,1.482924,
6.522610,389,4769605525032,0.339793,0.229027,20125.72,8596.33,1.483638,
6.539263,390,4769622292664,0.339472,0.229635,20108.94,8544.03,1.478312,
6.556021,391,4769639060216,0.339471,0.226609,20115.92,8533.95,1.498047,
6.572796,392,4769655827888,0.339170,0.226847,20122.12,8532.20,1.495151,
6.589552,393,4769672595848,0.338997,0.226070,20122.34,8553.73,1.499522,
6.606441,394,4769689362976,0.339528,0.228513,20128.15,8531.20,1.485815,
6.623127,395,4769706130240,0.339444,0.230300,20131.24,8497.27,1.473924,
6.640120,396,4769722898536,0.339381,0.229415,20125.56,8513.63,1.479331,
6.656676,397,4769739666200,0.339122,0.227822,20123.12,8499.05,1.488539,
6.673408,398,4769756433496,0.339201,0.225362,20125.36,8506.39,1.505138,
6.690184,399,4769773201664,0.339003,0.229334,20128.70,8513.23,1.478206,
6.706994,400,4769789969512,0.339193,0.228784,20119.65,8514.44,1.482589,20
6.723605,401,4769806736328,0.339205,0.225931,20121.73,8550.12,1.501364,
6.740435,402,4769823504168,0.339345,0.226958,20117.29,8512.22,1.495185,
6.757277,403,4769840272240,0.339422,0.227894,20122.92,8544.42,1.489385,
6.773937,404,4769857040112,0.338993,0.229087,20126.83,8566.30,1.479758,
6.790821,405,4769873807776,0.339123,0.229689,20125.70,8539.97,1.476443,
6.807584,406,4769890575072,0.339392,0.230420,20133.11,8534.01,1.472929,
6.824402,407,4769907342976,0.339242,0.228483,20125.66,8476.52,1.484761,
6.841069,408,4769924110552,0.338873,0.231511,20126.77,8509.42,1.463745,
6.857830,409,4769940877736,0.338634,0.225581,20132.27,8480.17,1.501163,
6.874670,410,4769957645960,0.339172,0.226679,20128.77,8464.84,1.496269,
6.891482,411,4769974413056,0.338770,0.224084,20126.23,8503.34,1.511801,
6.908114,412,4769991180904,0.339176,0.226318,20125.22,8521.70,1.498672,
6.924966,413,4770007948568,0.339342,0.228402,20133.51,8541.27,1.485722,
6.941713,414,4770024716592,0.339460,0.233439,20133.86,8497.79,1.454169,
6.958479,415,4770041483648,0.339393,0.231057,20123.58,8510.04,1.468870,
6.975255,416,4770058251920,0.338993,0.233257,20128.03,8466.62,1.453300,
6.992023,417,4770075019056,0.339238,0.236672,20120.55,8505.59,1.433372,
7.008765,418,4770091786592,0.338865,0.232662,20130.24,8535.49,1.456467,
7.025539,419,4770108554184,0.338669,0.229829,20121.40,8507.76,1.473570,
7.042307,420,4770125322536,0.339113,0.229518,20121.50,8553.77,1.477502,21
7.059085,421,4770142089480,0.339082,0.235795,20123.16,8540.88,1.438034,
7.075911,422,4770158857440,0.339089,0.231237,20118.00,8549.34,1.466414,
7.092686,423,4770175625256,0.339056,0.232747,20126.66,8551.79,1.456760,
7.109346,424,4770192392480,0.339265,0.233014,20126.79,8578.80,1.455985,
7.126168,425,4770209160960,0.339397,0.230572,20114.41,8547.10,1.471973,
7.142901,426,4770225928440,0.339116,0.232075,20112.70,8567.44,1.461236,
7.159679,427,4770242696216,0.339440,0.228516,20119.11,8562.00,1.485412,
7.176416,428,4770259463168,0.339236,0.229040,20116.56,8527.86,1.481117,
7.193179,429,4770276230904,0.339178,0.228210,20132.47,8610.39,1.486253,
7.209989,430,4770292998920,0.339125,0.227814,20125.48,8572.22,1.488608,
7.226753,431,4770309766216,0.338998,0.230026,20125.20,8527.17,1.473740,
7.243498,432,4770326534552,0.339627,0.229657,20121.13,8538.30,1.478843,
7.260278,433,4770343302184,0.338835,0.233458,20119.05,8612.72,1.451375,
7.277013,434,4770360069520,0.338861,0.232893,20113.71,8608.55,1.455009,
7.293861,435,4770376836736,0.338973,0.230067,20122.27,8648.31,1.473367,
7.310594,436,4770393604792,0.339252,0.230084,20125.40,8612.63,1.474473,
7.327348,437,4770410372720,0.339422,0.229831,20123.07,8657.11,1.476830,
7.344111,438,4770427139736,0.339667,0.228808,20124.40,8626.20,1.484511,
7.360938,439,4770443908144,0.339266,0.231687,20124.36,8612.72,1.464330,
7.377643,440,4770460675552,0.339095,0.229141,20123.87,8613.95,1.479852,22
7.394418,441,4770477442720,0.339088,0.232157,20121.16,8595.72,1.460598,
7.411163,442,4770494210592,0.339536,0.233535,20118.60,8621.11,1.453895,
7.427934,443,4770510978680,0.339526,0.232825,20132.04,8614.92,1.458291,
7.444738,444,4770527746000,0.339543,0.231615,20124.76,8612.57,1.465981,
7.461463,445,4770544514056,0.339285,0.227789,20122.64,8595.05,1.489466,
7.478233,446,4770561281112,0.339284,0.226787,20121.38,8595.34,1.496045,
7.495046,447,4770578048552,0.339383,0.230429,20116.61,8607.54,1.472830,
7.511717,448,4770594817032,0.339432,0.230374,20120.31,8650.27,1.473399,
7.528567,449,4770611584624,0.338865,0.230609,20127.45,8609.19,1.469437,
7.545397,450,4770628351680,0.339490,0.229115,20132.97,8632.56,1.481744,
7.562057,451,4770645119920,0.339336,0.225718,20130.43,8644.93,1.503367,
7.578852,452,4770661887088,0.339085,0.228702,20127.90,8633.09,1.482652,
7.595631,453,4770678655112,0.338949,0.228469,20122.25,8654.39,1.483563,
7.612488,454,4770695422888,0.339174,0.228222,20122.44,8635.50,1.486156,
7.629216,455,4770712190240,0.339344,0.225086,20117.01,8652.92,1.507621,
7.646011,456,4770728957496,0.339080,0.224431,20128.55,8630.82,1.510841,
7.662735,457,4770745725720,0.339402,0.228130,20120.22,8612.92,1.487759,
7.679517,458,4770762493536,0.339501,0.234393,20128.15,8648.24,1.448426,
7.696229,459,4770779261200,0.338881,0.230331,20118.57,8671.94,1.471280,
7.713079,460,4770796028512,0.338860,0.230951,20126.32,8635.96,1.467236,23
7.729799,461,4770812796592,0.339522,0.228898,20121.26,8618.04,1.483291,
7.746500,462,4770829563512,0.339232,0.230761,20128.90,8617.18,1.470054,
7.763383,463,4770846331440,0.339009,0.230601,20124.10,8609.29,1.470113,
7.780057,464,4770863099592,0.339126,0.232086,20118.39,8611.42,1.461204,
7.796882,465,4770879866704,0.338970,0.227545,20121.44,8644.86,1.489682,
7.813624,466,4770896634464,0.339138,0.229533,20123.89,8643.59,1.477515,
7.830322,467,4770913401904,0.338964,0.228376,20121.97,8596.04,1.484238,
7.847171,468,4770930169552,0.339366,0.231888,20112.69,8617.13,1.463489,
7.863846,469,4770946937384,0.339236,0.230862,20122.82,8591.96,1.469434,
7.880618,470,4770963704736,0.339049,0.230033,20119.76,8621.45,1.473916,
7.897388,471,4770980473352,0.338631,0.230039,20110.26,8656.45,1.472062,
7.914137,472,4770997240704,0.338759,0.226373,20109.56,8631.67,1.496468,
7.930956,473,4771014008168,0.338441,0.226238,20113.80,8633.12,1.495952,
7.947699,474,4771030775976,0.338888,0.227441,20128.99,8605.52,1.490008,
7.964467,475,4771047543240,0.338824,0.226528,20127.99,8602.14,1.495729,
7.981324,476,4771064311328,0.338481,0.224774,20120.72,8608.98,1.505874,
7.998034,477,4771081079256,0.338883,0.226330,20120.04,8600.58,1.497300,
8.014753,478,4771097846960,0.338935,0.229685,20120.12,8598.47,1.475654,
8.031606,479,4771114613832,0.338762,0.229259,20118.92,8580.63,1.477640,
8.048379,480,4771131382088,0.338808,0.231933,20116.15,8571.54,1.460804,24
8.065158,481,4771148149184,0.338595,0.227352,20113.89,8611.61,1.489300,
8.081918,482,4771164917480,0.339060,0.227367,20111.47,8602.14,1.491249,
8.098587,483,4771181685184,0.339407,0.228446,20118.87,8586.07,1.485723,
8.115402,484,4771198452088,0.338975,0.225669,20113.16,8598.03,1.502091,
8.132218,485,4771215220184,0.338996,0.229945,20119.08,8600.22,1.474248,
8.148932,486,4771231987552,0.339099,0.229034,20114.74,8563.64,1.480561,
8.165718,487,4771248755240,0.338884,0.228542,20117.47,8569.45,1.482808,
8.182477,488,4771265523256,0.339122,0.229056,20119.10,8557.16,1.480521,
8.199237,489,4771282291200,0.339107,0.232339,20114.37,8531.39,1.459533,
8.215977,490,4771299058704,0.339085,0.229151,20124.86,8556.59,1.479745,
8.232769,491,4771315826312,0.338894,0.228854,20121.20,8549.48,1.480829,
8.249529,492,4771332594088,0.339208,0.232948,20110.39,8585.87,1.456152,
8.266300,493,4771349361240,0.339088,0.226439,20111.46,8524.36,1.497483,
8.283104,494,4771366128592,0.338925,0.223487,20112.03,8542.70,1.516528,
8.299926,495,4771382897144,0.338986,0.226682,20109.41,8543.69,1.495422,
8.316671,496,4771399664088,0.339135,0.223995,20118.48,8524.73,1.514027,
8.333431,497,4771416431720,0.338764,0.226834,20118.21,8545.59,1.493447,
8.350181,498,4771433199904,0.339019,0.225948,20116.68,8511.88,1.500429,
8.366926,499,4771449967240,0.338867,0.229584,20122.04,8506.25,1.476000,
8.383762,500,4771466734536,0.338908,0.225267,20123.64,8543.21,1.504474,25
8.400539,501,4771483502200,0.339578,0.225136,20118.12,8551.77,1.508325,
8.417260,502,4771500270568,0.339173,0.230039,20116.18,8583.30,1.474418,
8.434079,503,4771517037888,0.339444,0.226160,20118.31,8594.69,1.500901,
8.450810,504,4771533806088,0.339366,0.227921,20122.39,8591.61,1.488963,
8.467570,505,4771550573328,0.339152,0.221833,20117.73,8581.38,1.528865,
8.484354,506,4771567341088,0.338884,0.224095,20119.12,8566.84,1.512235,
8.501120,507,4771584108736,0.338871,0.226627,20108.72,8572.62,1.495277,
8.517931,508,4771600875976,0.339307,0.228795,20116.72,8637.96,1.483014,
8.534639,509,4771617644216,0.339081,0.226953,20108.60,8627.39,1.494059,
8.551406,510,4771634411976,0.338934,0.225787,20119.73,8605.73,1.501127,
8.568197,511,4771651179032,0.339212,0.227550,20120.10,8582.62,1.490709,
8.584961,512,4771667947088,0.338997,0.228110,20102.92,8567.41,1.486111,
8.601682,513,4771684714496,0.338660,0.229065,20115.72,8550.23,1.478443,
8.618499,514,4771701482664,0.338856,0.229462,20120.47,8615.21,1.476745,
8.635297,515,4771718249776,0.339189,0.228742,20110.15,8607.35,1.482845,
8.652102,516,4771735018016,0.339515,0.228997,20113.81,8668.61,1.482618,
8.668831,517,4771751784792,0.339295,0.229090,20122.62,8647.39,1.481056,
8.685580,518,4771768552832,0.339237,0.228685,20122.24,8611.57,1.483424,
8.702313,519,4771785320624,0.338823,0.226815,20117.12,8624.03,1.493826,
8.719112,520,4771802088016,0.338810,0.226738,20123.44,8623.74,1.494281,26
8.735864,521,4771818855720,0.338420,0.226512,20122.05,8614.60,1.494051,
8.752677,522,4771835623960,0.339160,0.228553,20127.88,8649.84,1.483949,
8.769388,523,4771852391200,0.339153,0.230522,20120.33,8674.35,1.471240,
8.786189,524,4771869159088,0.339207,0.230463,20112.56,8634.87,1.471848,
8.803016,525,4771885926512,0.338451,0.234047,20114.09,8685.52,1.446083,
8.819731,526,4771902694056,0.338710,0.229908,20119.65,8659.05,1.473237,
8.836474,527,4771919461680,0.339163,0.228818,20120.32,8623.16,1.482239,
8.853296,528,4771936229352,0.339351,0.230824,20112.68,8654.19,1.470171,
8.869981,529,4771952997216,0.339541,0.227695,20120.39,8576.72,1.491214,
8.886753,530,4771969765016,0.339253,0.228697,20121.81,8618.15,1.483413,
8.903513,531,4771986532216,0.339015,0.228028,20110.44,8638.60,1.486720,
8.920309,532,4772003299920,0.338704,0.228662,20121.96,8641.45,1.481243,
8.937084,533,4772020067736,0.339233,0.229382,20119.11,8603.30,1.478901,
8.953802,534,4772036835072,0.339511,0.227260,20119.16,8655.88,1.493937,
8.970630,535,4772053602944,0.339607,0.226217,20120.35,8636.65,1.501239,
8.987411,536,4772070371112,0.339302,0.229984,20115.46,8685.64,1.475328,
9.004070,537,4772087138832,0.338840,0.230430,20119.03,8628.16,1.470469,
9.020885,538,4772103906072,0.339427,0.228417,20114.92,8647.31,1.485997,
9.037692,539,4772120673648,0.339166,0.228939,20121.69,8643.02,1.481467,
9.054464,540,4772137441016,0.338835,0.229668,20110.01,8626.96,1.475324,27
9.071124,541,4772154209440,0.339096,0.228763,20117.06,8621.17,1.482298,
9.088060,542,4772170977032,0.338871,0.228364,20117.18,8622.12,1.483908,
9.104731,543,4772187744888,0.339159,0.228135,20115.04,8589.71,1.486656,
9.121483,544,4772204511736,0.339151,0.229354,20108.58,8626.92,1.478722,
9.138344,545,4772221279536,0.339114,0.229432,20112.77,8633.43,1.478058,
9.155029,546,4772238046976,0.338814,0.228985,20111.85,8604.56,1.479631,
9.171784,547,4772254815168,0.338911,0.231498,20106.32,8602.12,1.463991,
9.188610,548,4772271583088,0.339325,0.231426,20118.16,8602.16,1.466236,
9.205313,549,4772288350720,0.338907,0.230320,20114.05,8652.76,1.471458,
9.222074,550,4772305118216,0.339023,0.226627,20110.41,8648.20,1.495952,
9.238863,551,4772321885736,0.338961,0.227992,20111.96,8543.31,1.486722,
9.255581,552,4772338653056,0.339105,0.228321,20116.65,8526.85,1.485216,
9.272352,553,4772355420816,0.338644,0.231020,20117.53,8533.41,1.465868,
9.289134,554,4772372188536,0.338777,0.230197,20113.19,8557.46,1.471686,
9.305882,555,4772388956168,0.339069,0.227197,20108.90,8576.53,1.492401,
9.322699,556,4772405724016,0.339029,0.229098,20117.45,8568.31,1.479842,
9.339461,557,4772422491352,0.339280,0.229564,20117.96,8594.46,1.477932,
9.356245,558,4772439259536,0.338819,0.229028,20122.34,8595.39,1.479375,
9.373023,559,4772456027312,0.338904,0.230530,20121.75,8643.86,1.470112,
9.389753,560,4772472795088,0.338920,0.231418,20123.91,8617.04,1.464535,28
9.406633,561,4772489562016,0.339354,0.229938,20118.25,8609.01,1.475852,
9.423307,562,4772506329664,0.338889,0.227344,20116.14,8600.47,1.490648,
9.440060,563,4772523097184,0.339004,0.229414,20118.55,8616.89,1.477695,
9.456845,564,4772539864920,0.339515,0.229097,20116.36,8632.13,1.481967,
9.473601,565,4772556633072,0.339049,0.229476,20123.37,8612.70,1.477490,
9.490414,566,4772573400112,0.338939,0.229079,20116.77,8593.25,1.479570,
9.507141,567,4772590168168,0.339200,0.235639,20115.51,8617.80,1.439493,
9.523951,568,4772606935776,0.339176,0.232919,20118.47,8625.45,1.456200,
9.540781,569,4772623703256,0.339247,0.232882,20120.28,8615.03,1.456733,
9.557475,570,4772640471088,0.338839,0.229573,20112.86,8637.23,1.475950,
9.574226,571,4772657239032,0.339158,0.230994,20117.71,8561.68,1.468254,
9.590985,572,4772674006088,0.338582,0.228007,20116.21,8575.24,1.484963,
9.607780,573,4772690774032,0.339006,0.231174,20125.17,8624.01,1.466456,
9.624593,574,4772707542032,0.338685,0.230668,20119.09,8581.98,1.468281,
9.641438,575,4772724309736,0.338969,0.233402,20124.11,8629.39,1.452294,
9.658130,576,4772741077536,0.338859,0.225069,20117.08,8627.63,1.505578,
9.674869,577,4772757844960,0.339185,0.229315,20108.94,8630.58,1.479120,
9.691613,578,4772774612072,0.339018,0.229873,20112.87,8620.36,1.474805,
9.708384,579,4772791380240,0.338864,0.228943,20114.18,8622.76,1.480124,
9.725162,580,4772808147496,0.339180,0.231789,20114.23,8609.37,1.463314,29
9.741869,581,4772824915200,0.338889,0.229904,20114.80,8619.49,1.474042,
9.758745,582,4772841683512,0.339512,0.230548,20110.95,8571.09,1.472629,
9.775468,583,4772858451168,0.339005,0.234379,20112.13,8562.41,1.446398,
9.792197,584,4772875218016,0.339561,0.230699,20116.48,8565.84,1.471881,
9.808960,585,4772891985736,0.338901,0.230014,20109.29,8635.88,1.473392,
9.825743,586,4772908754112,0.339424,0.234028,20114.92,8606.93,1.450359,
9.842535,587,4772925521512,0.338993,0.232625,20120.04,8603.32,1.457255,
9.859295,588,4772942289072,0.339280,0.233553,20121.50,8558.84,1.452691,
9.876127,589,4772959057168,0.339292,0.233551,20119.76,8614.34,1.452755,
9.892819,590,4772975823944,0.339279,0.230270,20123.30,8649.60,1.473398,
9.909577,591,4772992592144,0.339192,0.231067,20118.65,8600.97,1.467938,
9.926322,592,4773009359904,0.339461,0.231929,20112.23,8647.24,1.463640,
9.943117,593,4773026127168,0.339305,0.227446,20121.79,8631.47,1.491804,
9.959899,594,4773042895312,0.338686,0.228512,20124.19,8612.46,1.482139,
9.976759,595,4773059662256,0.338864,0.228564,20117.00,8617.30,1.482580,
9.993486,596,4773076430112,0.339149,0.234404,20117.86,8684.26,1.446858,
10.010170,597,4773093197552,0.338804,0.233943,20098.89,8670.85,1.448236,
10.026927,598,4773109966072,0.339083,0.232097,20111.72,8621.48,1.460951,
10.043712,599,4773126733736,0.339594,0.230087,20120.33,8637.54,1.475936,
10.060477,600,4773143500552,0.339162,0.230499,20127.19,8647.24,1.471425,30
10.077347,601,4773160268808,0.338961,0.233337,20122.96,8613.56,1.452672,
10.094087,602,4773177035960,0.338853,0.231469,20119.03,8601.47,1.463923,
10.110839,603,4773193804056,0.338974,0.228435,20115.49,8607.73,1.483900,
10.127610,604,4773210572088,0.339224,0.228933,20118.15,8650.14,1.481761,
10.144410,605,4773227339000,0.339140,0.229219,20119.00,8625.54,1.479544,
10.161173,606,4773244106976,0.339266,0.230978,20118.85,8627.65,1.468827,
10.177950,607,4773260875056,0.339207,0.231682,20124.89,8590.75,1.464108,
10.194660,608,4773277642088,0.339282,0.228721,20121.89,8582.67,1.483388,
10.211448,609,4773294410272,0.339325,0.231071,20122.84,8659.72,1.468490,
10.228182,610,4773311177920,0.339166,0.228903,20115.04,8636.24,1.481699,
10.244997,611,4773327945664,0.339085,0.230640,20117.82,8645.82,1.470193,
10.261735,612,4773344712464,0.339020,0.229896,20120.52,8698.21,1.474668,
10.278513,613,4773361480832,0.339832,0.229867,20120.34,8652.59,1.478384,
10.295280,614,4773378248480,0.339445,0.228860,20123.33,8670.60,1.483201,
10.312100,615,4773395015568,0.339202,0.227000,20120.78,8643.56,1.494283,
10.328826,616,4773411783552,0.339314,0.226655,20112.67,8613.72,1.497049,
10.345575,617,4773428551720,0.339540,0.228096,20114.48,8626.28,1.488583,
10.362525,618,4773445319072,0.339378,0.230448,20123.24,8670.53,1.472691,
10.379132,619,4773462086776,0.339161,0.230670,20109.55,8638.24,1.470330,
10.395896,620,4773478853960,0.339072,0.227393,20114.94,8609.51,1.491126,31
10.412666,621,4773495622144,0.339451,0.231692,20120.60,8637.09,1.465099,
10.429435,622,4773512389624,0.339226,0.232713,20115.78,8654.53,1.457704,
10.446249,623,4773529157032,0.339187,0.234540,20116.84,8664.75,1.446181,
10.463002,624,4773545924512,0.339575,0.236547,20120.77,8704.86,1.435552,
10.479729,625,4773562692256,0.338971,0.233907,20122.12,8644.02,1.449168,
10.496467,626,4773579460088,0.339129,0.229939,20115.17,8659.23,1.474867,
10.513229,627,4773596228240,0.339549,0.232965,20124.30,8643.03,1.457511,
10.530023,628,4773612995032,0.339415,0.235809,20120.10,8648.93,1.439364,
10.546816,629,4773629763184,0.339178,0.232979,20123.78,8629.79,1.455831,
10.563577,630,4773646531072,0.339400,0.231333,20118.94,8618.11,1.467149,
10.580344,631,4773663298944,0.339269,0.229821,20116.10,8583.20,1.476231,
10.597133,632,4773680066072,0.339134,0.230638,20118.07,8586.14,1.470413,
10.613875,633,4773696834184,0.339278,0.231404,20135.28,8584.60,1.466171,
10.630647,634,4773713601568,0.338936,0.233583,20131.14,8578.19,1.451028,
10.647471,635,4773730369168,0.339581,0.229872,20121.09,8611.67,1.477263,
10.664227,636,4773747137088,0.339143,0.229942,20121.03,8611.17,1.474908,
10.680969,637,4773763904056,0.339276,0.227731,20120.68,8608.87,1.489812,
10.697660,638,4773780671960,0.339370,0.227324,20119.52,8608.63,1.492893,
10.714512,639,4773797439384,0.339312,0.224552,20119.33,8623.28,1.511060,
10.731283,640,4773814207016,0.339074,0.232111,20119.23,8576.01,1.460826,32
10.747950,641,4773830975240,0.339408,0.229676,20119.96,8545.88,1.477767,
10.764732,642,4773847742720,0.339408,0.233023,20126.02,8562.92,1.456543,
10.781518,643,4773864510680,0.339352,0.229026,20120.92,8578.87,1.481717,
10.798327,644,4773881277960,0.339282,0.227695,20122.46,8577.06,1.490069,
10.815069,645,4773898045464,0.339279,0.228944,20130.99,8584.00,1.481928,
10.831830,646,4773914813088,0.339406,0.229884,20121.03,8584.93,1.476426,
10.848642,647,4773931581408,0.339018,0.232423,20123.83,8580.89,1.458623,
10.865370,648,4773948348776,0.339546,0.234642,20123.78,8584.49,1.447079,
10.882182,649,4773965116000,0.339873,0.230736,20122.07,8627.63,1.472997,
10.898939,650,4773981884016,0.339375,0.232057,20122.09,8596.76,1.462464,
10.915673,651,4773998651200,0.339288,0.233261,20127.75,8593.15,1.454541,
10.932416,652,4774015419328,0.339292,0.228964,20126.38,8565.89,1.481856,
10.949187,653,4774032186568,0.339506,0.233009,20134.78,8626.01,1.457051,
10.965962,654,4774048954480,0.338887,0.230374,20116.40,8609.98,1.471030,
10.982812,655,4774065721976,0.339509,0.233904,20121.92,8638.88,1.451490,
10.999547,656,4774082490072,0.339742,0.235263,20124.89,8671.82,1.444095,
11.016254,657,4774099257240,0.339240,0.233919,20129.38,8672.53,1.450243,
11.033040,658,4774116024904,0.339349,0.232574,20122.55,8664.44,1.459103,
11.049872,659,4774132792576,0.339167,0.230546,20124.20,8714.67,1.471149,
11.066588,660,4774149560552,0.339860,0.233452,20117.93,8640.99,1.455806,33
11.083400,661,4774166328216,0.339310,0.229148,20122.59,8635.32,1.480745,
11.100198,662,4774183095536,0.339553,0.227687,20130.55,8586.75,1.491312,
11.116793,663,4774199863832,0.339152,0.234686,20124.77,8629.30,1.445130,
11.133564,664,4774216631056,0.339097,0.233406,20121.87,8632.40,1.452820,
11.150439,665,4774233398680,0.339376,0.229424,20124.89,8648.28,1.479251,
11.167219,666,4774250166592,0.338983,0.228346,20122.76,8658.83,1.484513,
11.183969,667,4774266934168,0.339261,0.232764,20120.84,8621.93,1.457531,
11.200748,668,4774283701736,0.339745,0.231635,20126.44,8585.28,1.466724,
11.217534,669,4774300469552,0.339313,0.231662,20124.68,8532.48,1.464690,
11.234227,670,4774317236816,0.339332,0.232795,20117.18,8542.41,1.457646,
11.250991,671,4774334005112,0.339747,0.233651,20129.25,8583.88,1.454075,
11.267766,672,4774350772736,0.339246,0.232700,20129.08,8570.09,1.457869,
11.284533,673,4774367540704,0.338673,0.233318,20124.61,8572.28,1.451553,
11.301289,674,4774384308056,0.339167,0.236580,20130.14,8588.19,1.433629,
11.318117,675,4774401075240,0.339613,0.235081,20126.21,8564.04,1.444664,
11.334844,676,4774417842904,0.339574,0.231894,20121.99,8561.69,1.464350,
11.351579,677,4774434611200,0.339425,0.232494,20125.95,8569.29,1.459933,
11.368376,678,4774451378088,0.339336,0.228678,20124.58,8580.36,1.483906,
11.385117,679,4774468146576,0.339074,0.232341,20119.01,8603.20,1.459380,
11.401938,680,4774484913552,0.339288,0.229710,20120.63,8573.27,1.477025,34
11.418709,681,4774501681680,0.339492,0.229070,20121.50,8573.60,1.482044,
11.435402,682,4774518449032,0.339364,0.228374,20125.35,8577.79,1.486001,
11.452235,683,4774535217112,0.339564,0.229892,20121.43,8631.08,1.477059,
11.468989,684,4774551984944,0.339023,0.227588,20128.24,8637.66,1.489634,
11.485773,685,4774568752200,0.339210,0.230216,20126.63,8644.68,1.473444,
11.502552,686,4774585520088,0.339318,0.232610,20128.83,8637.68,1.458745,
11.519238,687,4774602287272,0.338793,0.227123,20128.23,8608.79,1.491675,
11.536068,688,4774619055536,0.339619,0.226817,20123.73,8616.12,1.497328,
11.552801,689,4774635822296,0.339043,0.230402,20124.35,8621.98,1.471528,
11.569601,690,4774652590032,0.339026,0.229218,20124.33,8606.87,1.479056,
11.586413,691,4774669358056,0.339442,0.227662,20126.82,8616.95,1.490992,
11.603196,692,4774686125960,0.339304,0.230566,20130.55,8634.39,1.471615,
11.619947,693,4774702893464,0.339084,0.229265,20116.82,8583.66,1.479004,
11.636772,694,4774719660568,0.339285,0.230216,20120.77,8559.06,1.473772,
11.653506,695,4774736428608,0.339014,0.227597,20120.08,8601.31,1.489536,
11.670213,696,4774753196592,0.339031,0.228473,20119.84,8627.03,1.483900,
11.692571,697,4774769964200,0.338704,0.227377,20123.90,8580.06,1.489612,
11.703698,698,4774786731496,0.338639,0.230038,20124.05,8575.52,1.472099,
11.720462,699,4774803499424,0.339341,0.235371,20123.53,8587.88,1.441726,
11.737265,700,4774820266832,0.339388,0.227378,20129.74,8588.90,1.492616,35
11.754033,701,4774837034736,0.339492,0.228232,20125.43,8619.06,1.487488,
11.770779,702,4774853802440,0.339198,0.225758,20126.00,8558.69,1.502485,
11.787554,703,4774870569848,0.338958,0.228710,20124.86,8608.28,1.482039,
11.804368,704,4774887338032,0.339320,0.226911,20132.24,8591.81,1.495387,
11.821149,705,4774904105704,0.339239,0.228804,20129.09,8597.69,1.482664,
11.837954,706,4774920873016,0.339117,0.233412,20130.34,8601.68,1.452867,
11.854598,707,4774937640888,0.339410,0.227071,20122.34,8598.68,1.494726,
11.871420,708,4774954408016,0.339523,0.227697,20128.61,8629.38,1.491115,
11.888226,709,4774971175832,0.338956,0.229361,20130.14,8643.05,1.477829,
11.904934,710,4774987944088,0.339055,0.227945,20123.94,8658.46,1.487441,
11.921702,711,4775004711200,0.338819,0.225854,20118.29,8614.48,1.500167,
11.938540,712,4775021479088,0.338827,0.228365,20124.88,8639.35,1.483705,
11.955340,713,4775038246296,0.339044,0.228689,20122.41,8575.81,1.482559,
11.972025,714,4775055013960,0.338586,0.226166,20122.93,8647.28,1.497070,
11.988817,715,4775071781736,0.339082,0.227319,20126.34,8648.51,1.491652,
12.005543,716,4775088550072,0.338755,0.226985,20124.24,8638.05,1.492410,
12.022294,717,4775105317592,0.339353,0.226406,20121.21,8631.46,1.498870,
12.039094,718,4775122084512,0.339491,0.230883,20123.38,8614.81,1.470406,
12.055876,719,4775138852736,0.339059,0.230593,20121.64,8665.94,1.470378,
12.072667,720,4775155620112,0.339031,0.228398,20120.04,8649.83,1.484384,36
12.089431,721,4775172388256,0.339036,0.228208,20122.41,8622.60,1.485646,
12.106160,722,4775189155112,0.339039,0.231266,20123.15,8639.50,1.466014,
12.122965,723,4775205923200,0.338935,0.228949,20119.30,8608.72,1.480391,
12.139717,724,4775222690976,0.338945,0.225481,20119.24,8614.37,1.503206,
12.156455,725,4775239458256,0.339248,0.229840,20116.60,8574.46,1.476017,
12.173252,726,4775256226552,0.339017,0.227974,20114.70,8608.79,1.487084,
12.190002,727,4775272994216,0.339570,0.225854,20109.30,8617.52,1.503491,
12.206790,728,4775289761328,0.339175,0.225155,20118.70,8673.04,1.506407,
12.223560,729,4775306529144,0.339745,0.224246,20117.47,8667.82,1.515055,
12.240308,730,4775323296408,0.338913,0.227792,20112.83,8665.72,1.487818,
12.257062,731,4775340064200,0.339236,0.233148,20114.16,8711.71,1.455024,
12.273880,732,4775356831776,0.339313,0.231574,20120.44,8653.68,1.465247,
12.290596,733,4775373599592,0.339127,0.227544,20121.33,8616.62,1.490383,
12.307386,734,4775390367088,0.339155,0.225760,20109.00,8597.18,1.502282,
12.324139,735,4775407135216,0.339026,0.224819,20121.25,8596.64,1.507996,
12.340875,736,4775423902536,0.339703,0.227623,20121.54,8612.11,1.492393,
12.357655,737,4775440670832,0.339387,0.228474,20117.45,8619.17,1.485449,
12.374462,738,4775457437760,0.339788,0.223974,20125.11,8614.80,1.517090,
12.391204,739,4775474206168,0.339649,0.225086,20130.45,8629.59,1.508979,
12.408013,740,4775490973088,0.339557,0.225344,20120.08,8617.21,1.506834,37
12.424756,741,4775507741016,0.339365,0.224737,20119.80,8618.01,1.510052,
12.441538,742,4775524508944,0.338953,0.229019,20123.30,8678.84,1.480019,
12.458284,743,4775541276592,0.339585,0.227949,20118.81,8618.84,1.489741,
12.475093,744,4775558044072,0.339442,0.229237,20115.85,8627.35,1.480745,
12.491842,745,4775574811680,0.339266,0.230617,20124.22,8694.90,1.471120,
12.508553,746,4775591579088,0.338960,0.227055,20116.35,8674.19,1.492857,
12.525377,747,4775608347200,0.339265,0.223972,20118.87,8654.36,1.514762,
12.542152,748,4775625114920,0.339268,0.228188,20124.45,8678.78,1.486788,
12.558888,749,4775641882496,0.339413,0.226309,20125.47,8660.72,1.499777,
12.575669,750,4775658649568,0.339617,0.225003,20129.09,8664.02,1.509389,
12.592436,751,4775675417296,0.339455,0.223562,20121.18,8689.59,1.518390,
12.609218,752,4775692185144,0.339313,0.226431,20121.14,8665.05,1.498527,
12.625989,753,4775708953184,0.339525,0.224270,20120.11,8671.32,1.513913,
12.642768,754,4775725721088,0.339399,0.227265,20114.23,8705.57,1.493407,
12.659525,755,4775742488352,0.339230,0.227624,20114.36,8662.89,1.490311,
12.676301,756,4775759256000,0.339519,0.225225,20114.24,8683.53,1.507464,
12.693096,757,4775776023184,0.339585,0.230604,20110.39,8688.82,1.472591,
12.709859,758,4775792791680,0.338999,0.232831,20115.13,8674.39,1.455988,
12.726603,759,4775809558960,0.339377,0.231667,20114.57,8713.20,1.464934,
12.743307,760,4775826327016,0.339373,0.231455,20112.12,8670.45,1.466257,38
12.760117,761,4775843094200,0.339298,0.228202,20112.57,8637.82,1.486832,
12.776928,762,4775859862032,0.338959,0.229438,20114.27,8641.33,1.477346,
12.793687,763,4775876629976,0.339128,0.228734,20112.05,8678.52,1.482633,
12.810488,764,4775893397680,0.339140,0.230338,20106.02,8676.49,1.472355,
12.827251,765,4775910164832,0.339249,0.231170,20102.11,8650.86,1.467527,
12.844032,766,4775926932960,0.339186,0.231168,20111.45,8645.76,1.467274,
12.860830,767,4775943700256,0.338991,0.232775,20105.26,8560.67,1.456303,
12.877616,768,4775960468072,0.339045,0.234400,20109.82,8598.32,1.446440,
12.894367,769,4775977235736,0.338951,0.233903,20119.26,8595.08,1.449105,
12.911031,770,4775994003088,0.338789,0.234399,20113.27,8605.49,1.445352,
12.927823,771,4776010771256,0.338597,0.228043,20105.98,8606.67,1.484794,
12.944605,772,4776027538832,0.338670,0.233264,20106.88,8601.68,1.451874,
12.961329,773,4776044306624,0.338835,0.227478,20112.03,8585.25,1.489528,
12.978132,774,4776061074112,0.338753,0.230856,20104.61,8562.07,1.467380,
12.994883,775,4776077841648,0.338579,0.228213,20106.71,8538.67,1.483607,
13.011661,776,4776094609576,0.339154,0.228132,20100.69,8538.43,1.486656,
13.028367,777,4776111377216,0.339208,0.227761,20102.69,8519.28,1.489317,
13.045105,778,4776128144088,0.338309,0.228856,20104.45,8580.04,1.478264,
13.061911,779,4776144911736,0.339039,0.228139,20107.85,8567.80,1.486105,
13.078781,780,4776161680016,0.339086,0.229084,20101.31,8568.22,1.480179,39
13.095495,781,4776178447216,0.338580,0.230051,20103.22,8573.40,1.471763,
13.112307,782,4776195214888,0.338957,0.229453,20108.31,8605.06,1.477242,
13.128987,783,4776211983272,0.338579,0.229477,20105.45,8604.90,1.475437,
13.145819,784,4776228750312,0.338957,0.228512,20108.20,8620.23,1.483325,
13.162639,785,4776245517736,0.338955,0.228553,20110.63,8598.96,1.483046,
13.179328,786,4776262286272,0.338847,0.230066,20107.96,8629.07,1.472826,
13.196097,787,4776279053664,0.338856,0.232064,20103.18,8616.68,1.460184,
13.212886,788,4776295820776,0.338772,0.226300,20105.18,8639.48,1.497001,
13.229595,789,4776312588664,0.338987,0.227056,20103.50,8580.51,1.492968,
13.246435,790,4776329356512,0.338963,0.225241,20096.70,8595.20,1.504894,
13.263089,791,4776346124056,0.338726,0.227018,20098.73,8567.05,1.492067,
13.279921,792,4776362891496,0.338603,0.224003,20097.02,8553.06,1.511599,
13.296735,793,4776379659832,0.338246,0.226788,20107.17,8560.45,1.491466,
13.313442,794,4776396427464,0.338784,0.227115,20102.75,8519.27,1.491684,
13.330244,795,4776413194440,0.338416,0.227224,20097.00,8518.69,1.489346,
13.347068,796,4776429962848,0.338692,0.229437,20102.78,8569.48,1.476186,
13.363797,797,4776446730016,0.338665,0.228816,20100.46,8561.77,1.480073,
13.380561,798,4776463497552,0.338730,0.226902,20100.45,8575.48,1.492848,
13.397321,799,4776480265256,0.338261,0.226850,20100.51,8608.83,1.491121,
13.414090,800,4776497032808,0.338528,0.228336,20097.63,8571.42,1.482588,40
13.430831,801,4776513800736,0.338738,0.228949,20105.54,8595.78,1.479537,
13.447639,802,4776530568552,0.338759,0.229077,20098.91,8594.23,1.478802,
13.464365,803,4776547335736,0.338439,0.225536,20097.24,8608.58,1.500598,
13.481184,804,4776564103960,0.338596,0.227941,20102.55,8603.45,1.485459,
13.497901,805,4776580871184,0.339151,0.229884,20098.64,8601.06,1.475314,
13.514609,806,4776597639200,0.338627,0.228023,20100.63,8564.64,1.485058,
13.531410,807,4776614407144,0.338762,0.227405,20092.93,8614.08,1.489685,
13.548232,808,4776631174592,0.338457,0.227468,20093.43,8575.98,1.487936,
13.564939,809,4776647941480,0.338899,0.227251,20090.34,8568.58,1.491299,
13.581707,810,4776664709552,0.339095,0.231643,20100.08,8628.35,1.463868,
13.598488,811,4776681477496,0.338876,0.229608,20096.79,8616.01,1.475888,
13.615256,812,4776698244536,0.338816,0.229808,20107.39,8607.35,1.474345,
13.632080,813,4776715013016,0.338713,0.229971,20100.22,8549.88,1.472851,
13.648901,814,4776731780016,0.338482,0.231571,20102.77,8525.64,1.461677,
13.666070,815,4776748547976,0.338739,0.227539,20095.22,8551.74,1.488706,
13.682503,816,4776765315256,0.338028,0.228719,20090.73,8566.45,1.477915,
13.699155,817,4776782083720,0.338441,0.231145,20093.81,8584.70,1.464196,
13.715945,818,4776798850976,0.338840,0.231290,20097.64,8611.23,1.464997,
13.732689,819,4776815618216,0.338792,0.231233,20107.32,8633.32,1.465152,
13.749499,820,4776832386112,0.339022,0.233078,20109.84,8622.54,1.454543,41
13.766228,821,4776849153680,0.338766,0.232778,20113.63,8584.37,1.455314,
13.782919,822,4776865921072,0.339001,0.228741,20113.70,8547.39,1.482031,
13.799728,823,4776882689144,0.339201,0.231590,20109.10,8604.54,1.464660,
13.816553,824,4776899457112,0.339059,0.233627,20109.21,8610.69,1.451286,
13.833347,825,4776916224664,0.339100,0.232100,20106.18,8579.12,1.461008,
13.850088,826,4776932992280,0.338877,0.230403,20098.10,8593.42,1.470799,
13.866785,827,4776949760168,0.338480,0.228637,20099.01,8600.99,1.480422,
13.883581,828,4776966527568,0.338850,0.231615,20106.78,8573.57,1.462989,
13.900324,829,4776983295272,0.339560,0.229139,20104.52,8548.83,1.481894,
13.917073,830,4777000062568,0.339260,0.231024,20100.98,8580.44,1.468509,
13.933846,831,4777016830904,0.338665,0.229539,20106.09,8558.50,1.475417,
13.950628,832,4777033598408,0.339436,0.233344,20109.88,8595.69,1.454656,
13.967361,833,4777050365760,0.338426,0.228131,20103.51,8558.89,1.483475,
13.984181,834,4777067133424,0.338783,0.228418,20102.17,8605.59,1.483174,
14.000951,835,4777083901088,0.338844,0.228405,20106.28,8626.16,1.483520,
14.017745,836,4777100669032,0.339366,0.225186,20106.58,8656.19,1.507043,
14.034435,837,4777117436736,0.338796,0.227788,20109.75,8622.84,1.487328,
14.051177,838,4777134204088,0.339225,0.227802,20107.94,8602.02,1.489126,
14.067971,839,4777150972168,0.339493,0.227635,20108.04,8601.41,1.491392,
14.084782,840,4777167739592,0.338913,0.233722,20118.49,8589.93,1.450073,42
14.101596,841,4777184506976,0.338618,0.230931,20111.65,8627.87,1.466314,
14.118374,842,4777201275088,0.338669,0.231471,20112.53,8635.31,1.463118,
14.135067,843,4777218042736,0.338681,0.231761,20106.78,8643.90,1.461337,
14.151894,844,4777234809960,0.339254,0.228065,20110.00,8670.99,1.487532,
14.168573,845,4777251577440,0.339408,0.228966,20106.81,8624.61,1.482352,
14.185307,846,4777268345016,0.339845,0.229319,20126.55,8578.37,1.481973,
14.202099,847,4777285112848,0.339361,0.230507,20121.16,8575.54,1.472239,
14.218897,848,4777301880976,0.339274,0.228309,20110.95,8547.02,1.486034,
14.235625,849,4777318648792,0.339007,0.228594,20112.26,8562.79,1.483006,
14.252325,850,4777335415944,0.339601,0.230324,20114.77,8555.83,1.474445,
14.269112,851,4777352183720,0.339578,0.228042,20120.24,8539.30,1.489106,
14.285924,852,4777368951568,0.339284,0.227114,20115.62,8512.36,1.493894,
14.302689,853,4777385718664,0.339085,0.225473,20122.40,8512.95,1.503879,
14.319455,854,4777402486536,0.339181,0.228530,20126.49,8516.95,1.484187,
14.336264,855,4777419254664,0.339616,0.229293,20126.53,8524.79,1.481145,
14.353058,856,4777436021816,0.339030,0.226905,20115.00,8546.56,1.494151,
14.369780,857,4777452789920,0.339107,0.226757,20126.70,8524.40,1.495463,
14.386540,858,4777469557512,0.339673,0.229889,20117.02,8524.85,1.477551,
14.403374,859,4777486324664,0.339311,0.229409,20125.19,8566.87,1.479068,
14.420110,860,4777503093072,0.339168,0.226868,20122.11,8605.56,1.495002,43
14.436867,861,4777519860240,0.339027,0.232202,20122.94,8537.05,1.460056,
14.453709,862,4777536627888,0.339465,0.229489,20120.01,8487.93,1.479222,
14.470443,863,4777553395184,0.339305,0.229819,20123.14,8513.74,1.476403,
14.487216,864,4777570162960,0.339262,0.226520,20126.82,8530.04,1.497709,
14.503989,865,4777586931000,0.339321,0.226273,20118.96,8498.52,1.499607,
14.520744,866,4777603698552,0.339089,0.231224,20120.74,8540.79,1.466497,
14.537553,867,4777620466664,0.339562,0.233176,20119.61,8501.07,1.456248,
14.554194,868,4777637234056,0.339106,0.230318,20125.64,8516.51,1.472341,
14.571005,869,4777654001704,0.339391,0.229021,20114.78,8539.09,1.481924,
14.587865,870,4777670769016,0.339543,0.228085,20120.22,8559.60,1.488666,
14.604578,871,4777687536648,0.339134,0.231981,20116.76,8554.15,1.461903,
14.621322,872,4777704304904,0.339673,0.234411,20117.56,8582.02,1.449048,
14.638170,873,4777721072680,0.339458,0.230968,20116.71,8550.25,1.469715,
14.655020,874,4777737839592,0.339425,0.230753,20125.14,8566.08,1.470948,
14.671657,875,4777754607184,0.339350,0.230941,20119.87,8535.94,1.469426,
14.688462,876,4777771375016,0.339434,0.229110,20127.34,8585.28,1.481533,
14.705194,877,4777788142680,0.339149,0.230404,20121.24,8568.03,1.471977,
14.721865,878,4777804910056,0.339093,0.230449,20125.57,8556.57,1.471443,
14.738709,879,4777821678664,0.339565,0.228585,20125.91,8612.35,1.485512,
14.755506,880,4777838446088,0.339079,0.229333,20113.95,8558.95,1.478545,44
14.772243,881,4777855213184,0.338926,0.232497,20120.32,8601.18,1.457768,
14.789112,882,4777871981352,0.339240,0.230343,20122.34,8586.12,1.472761,
14.805802,883,4777888749216,0.339345,0.228806,20119.10,8590.08,1.483114,
14.822641,884,4777905516464,0.339618,0.227223,20126.77,8596.49,1.494649,
14.839324,885,4777922284520,0.339733,0.229041,20124.84,8623.55,1.483286,
14.856062,886,4777939052256,0.339787,0.227326,20129.35,8592.70,1.494713,
14.872838,887,4777955819168,0.339485,0.227240,20125.82,8640.56,1.493945,
14.889626,888,4777972587464,0.339550,0.225364,20122.11,8622.07,1.506674,
14.906383,889,4777989354720,0.339205,0.223120,20116.51,8591.99,1.520282,
14.923235,890,4778006122072,0.339392,0.224444,20115.23,8589.31,1.512144,
14.939924,891,4778022890216,0.339841,0.226718,20121.49,8540.12,1.498959,
14.956702,892,4778039658088,0.339914,0.228815,20134.85,8553.72,1.485539,
14.973477,893,4778056425000,0.339502,0.228634,20121.82,8596.56,1.484914,
14.990272,894,4778073193032,0.339525,0.228644,20121.19,8620.77,1.484952,
15.007000,895,4778089960272,0.339863,0.228230,20123.23,8598.36,1.489125,
15.023849,896,4778106728848,0.339277,0.226949,20113.45,8568.77,1.494949,
15.040605,897,4778123495568,0.339512,0.227142,20130.59,8558.94,1.494709,
15.057318,898,4778140263512,0.339731,0.224900,20125.56,8554.19,1.510588,
15.074100,899,4778157031704,0.339589,0.227258,20125.43,8572.31,1.494287,
15.090918,900,4778173799384,0.339274,0.226899,20111.51,8550.16,1.495267,45
15.107620,901,4778190566736,0.339228,0.225850,20119.16,8612.15,1.502007,
15.124435,902,4778207334568,0.339729,0.224988,20125.14,8552.59,1.509989,
15.141174,903,4778224102088,0.339411,0.226817,20127.16,8580.67,1.496409,
15.157900,904,4778240869592,0.339861,0.224005,20126.68,8588.75,1.517205,
15.174679,905,4778257637200,0.340183,0.229913,20119.43,8586.91,1.479612,
15.191408,906,4778274405464,0.339999,0.229187,20125.14,8595.37,1.483504,
15.208226,907,4778291172200,0.340015,0.232500,20121.43,8589.18,1.462431,
15.224966,908,4778307940552,0.339810,0.227924,20123.37,8593.36,1.490891,
15.241745,909,4778324708000,0.339775,0.227119,20123.76,8579.97,1.496022,
15.258511,910,4778341476072,0.339605,0.224513,20124.51,8588.56,1.512633,
15.275248,911,4778358243328,0.339966,0.228629,20133.47,8608.12,1.486976,
15.292048,912,4778375010904,0.339836,0.229173,20129.35,8636.98,1.482882,
15.308892,913,4778391778720,0.339858,0.228604,20124.22,8609.53,1.486668,
15.325562,914,4778408545976,0.339529,0.228141,20122.20,8638.92,1.488245,
15.342337,915,4778425313512,0.339608,0.225234,20120.93,8652.69,1.507801,
15.359128,916,4778442081296,0.339399,0.225452,20123.21,8628.86,1.505419,
15.375842,917,4778458849168,0.339742,0.226771,20123.19,8649.45,1.498170,
15.392627,918,4778475616592,0.339110,0.226773,20122.69,8649.42,1.495371,
15.409413,919,4778492384216,0.339354,0.226918,20123.93,8624.01,1.495491,
15.426185,920,4778509152552,0.339833,0.226671,20130.27,8645.35,1.499234,46
15.443023,921,4778525920240,0.339770,0.224756,20125.64,8644.17,1.511727,
15.459717,922,4778542687568,0.339892,0.225232,20131.55,8585.07,1.509072,
15.476480,923,4778559455256,0.339998,0.224070,20118.68,8599.05,1.517375,
15.493303,924,4778576222904,0.339654,0.221578,20133.33,8588.67,1.532885,
15.510047,925,4778592990704,0.339506,0.220877,20119.73,8571.57,1.537081,
15.526815,926,4778609757848,0.339293,0.222464,20124.36,8631.23,1.525157,
15.543678,927,4778626526056,0.339529,0.226019,20120.60,8671.30,1.502219,
15.560323,928,4778643293424,0.339404,0.226643,20124.97,8670.52,1.497530,
15.577093,929,4778660061648,0.339940,0.226760,20118.66,8642.94,1.499116,
15.593872,930,4778676829056,0.340171,0.230920,20130.12,8648.49,1.473111,
15.610638,931,4778693596216,0.340125,0.226792,20126.00,8648.79,1.499722,
15.627480,932,4778710364072,0.339988,0.226323,20122.66,8638.71,1.502221,
15.644271,933,4778727132200,0.339871,0.227290,20125.04,8631.78,1.495323,
15.661013,934,4778743899032,0.340126,0.229875,20130.59,8677.54,1.479614,
15.677744,935,4778760667256,0.340156,0.229115,20129.66,8652.35,1.484656,
15.694559,936,4778777435000,0.339903,0.225538,20121.56,8619.21,1.507075,
15.711255,937,4778794202848,0.339866,0.226607,20136.68,8641.13,1.499807,
15.728013,938,4778810970592,0.339957,0.230086,20132.74,8641.43,1.477524,
15.744786,939,4778827737608,0.339579,0.232513,20125.15,8591.11,1.460475,
15.761527,940,4778844505168,0.339243,0.233289,20125.63,8574.34,1.454173,47
15.778320,941,4778861273168,0.340071,0.231819,20121.52,8635.14,1.466966,
15.795171,942,4778878040624,0.340119,0.229268,20121.72,8660.52,1.483498,
15.811838,943,4778894808144,0.340173,0.227758,20126.33,8684.79,1.493573,
15.828599,944,4778911576552,0.339939,0.229700,20121.03,8644.54,1.479930,
15.845436,945,4778928344112,0.339967,0.229231,20123.41,8665.58,1.483077,
15.862127,946,4778945111536,0.339982,0.232040,20124.65,8630.46,1.465190,
15.878887,947,4778961879272,0.339815,0.230993,20123.47,8618.15,1.471102,
15.895606,948,4778978646536,0.339605,0.228912,20123.53,8612.49,1.483562,
15.912419,949,4778995414680,0.339948,0.228905,20127.35,8616.20,1.485105,
15.929268,950,4779012182088,0.339909,0.230281,20121.66,8622.05,1.476061,
15.945984,951,4779028949704,0.339914,0.230768,20130.94,8606.00,1.472966,
15.962761,952,4779045717168,0.339777,0.229794,20132.28,8548.40,1.478620,
15.979533,953,4779062485144,0.339987,0.230428,20123.83,8540.51,1.475462,
15.996303,954,4779079252832,0.339835,0.230330,20125.36,8497.07,1.475427,
16.013091,955,4779096019848,0.339996,0.234609,20129.26,8543.14,1.449202,
16.029896,956,4779112787536,0.339838,0.232467,20135.79,8537.80,1.461879,
16.046638,957,4779129555168,0.339803,0.230212,20129.27,8532.69,1.476042,
16.063380,958,4779146323072,0.339894,0.226108,20125.63,8496.26,1.503234,
16.080082,959,4779163091112,0.340221,0.224858,20132.82,8502.53,1.513048,
16.096836,960,4779179859032,0.340270,0.227086,20124.45,8534.59,1.498418,48
16.113711,961,4779196626056,0.339703,0.226912,20125.77,8530.66,1.497072,
16.130379,962,4779213393680,0.339690,0.226490,20128.01,8541.92,1.499803,
16.147157,963,4779230162000,0.340491,0.228078,20128.77,8522.00,1.492867,
16.163927,964,4779246928944,0.339779,0.223907,20126.19,8556.80,1.517502,
16.180651,965,4779263697240,0.340149,0.224219,20124.17,8558.55,1.517042,
16.197394,966,4779280464088,0.340299,0.221476,20126.94,8554.41,1.536502,
16.214233,967,4779297232240,0.340251,0.224779,20126.35,8588.42,1.513712,
16.230980,968,4779313999592,0.340019,0.224703,20130.87,8588.76,1.513190,
16.247835,969,4779330767216,0.340332,0.223223,20126.62,8568.61,1.524627,
16.264568,970,4779347534832,0.340306,0.224562,20131.56,8538.46,1.515421,
16.281315,971,4779364303200,0.340215,0.225934,20125.83,8542.77,1.505817,
16.298103,972,4779381070664,0.339843,0.228763,20121.69,8570.08,1.485569,
16.314910,973,4779397838624,0.340013,0.228572,20124.33,8567.19,1.487553,
16.331648,974,4779414606296,0.340417,0.231787,20123.01,8601.77,1.468662,
16.348449,975,4779431373072,0.340429,0.230355,20122.50,8601.80,1.477843,
16.365210,976,4779448141072,0.340230,0.227873,20117.08,8621.79,1.493068,
16.382278,977,4779464909088,0.340275,0.230126,20124.80,8611.66,1.478647,
16.398759,978,4779481676032,0.340239,0.228104,20122.13,8622.45,1.491599,
16.415489,979,4779498444088,0.340281,0.227398,20121.05,8610.80,1.496411,
16.432252,980,4779515212032,0.339862,0.224667,20126.06,8591.07,1.512735,49
16.449042,981,4779531979168,0.340376,0.222083,20128.63,8601.06,1.532653,
16.465806,982,4779548747512,0.340050,0.224913,20117.61,8577.34,1.511922,
16.482631,983,4779565514704,0.339896,0.227718,20123.48,8579.42,1.492616,
16.499361,984,4779582282328,0.340220,0.227951,20120.84,8587.24,1.492517,
16.516116,985,4779599050144,0.340110,0.228005,20127.58,8557.15,1.491679,
16.532848,986,4779615817552,0.339837,0.226786,20120.45,8565.83,1.498488,
16.549664,987,4779632585272,0.340154,0.228818,20123.88,8604.77,1.486571,
16.566378,988,4779649353032,0.340589,0.226550,20126.31,8577.37,1.503368,
16.583232,989,4779666120976,0.340113,0.228029,20119.85,8593.15,1.491534,
16.599990,990,4779682888088,0.340400,0.226591,20122.26,8573.97,1.502268,
16.616700,991,4779699656184,0.340162,0.225111,20126.98,8546.46,1.511087,
16.633515,992,4779716423920,0.340254,0.232682,20124.10,8548.87,1.462315,
16.650265,993,4779733191496,0.340077,0.229758,20130.97,8542.52,1.480154,
16.667019,994,4779749958848,0.340373,0.228840,20133.79,8563.50,1.487386,
16.683759,995,4779766727112,0.340504,0.229607,20129.98,8590.96,1.482984,
16.700543,996,4779783494592,0.340631,0.227654,20129.63,8599.70,1.496265,
16.717320,997,4779800261736,0.340765,0.226854,20124.97,8548.04,1.502132,
16.734133,998,4779817030088,0.340458,0.227113,20122.70,8583.84,1.499069,
16.750810,999,4779833797384,0.339988,0.229599,20129.68,8571.54,1.480792,
16.767572,1000,4779850564592,0.340493,0.232206,20123.24,8597.18,1.466345,50
16.784346,1001,4779867332960,0.340618,0.232574,20130.74,8597.79,1.464559,
16.801085,1002,4779884100440,0.340221,0.230793,20127.60,8600.28,1.474135,
16.817982,1003,4779900868240,0.340199,0.229755,20122.81,8599.62,1.480705,
16.834689,1004,4779917635592,0.339602,0.227608,20129.00,8585.38,1.492048,
16.851452,1005,4779934403112,0.339956,0.229220,20128.01,8627.83,1.483103,
16.868194,1006,4779951171240,0.340104,0.227280,20131.94,8630.11,1.496409,
16.885019,1007,4779967938792,0.340467,0.230973,20139.46,8611.78,1.474056,
16.901760,1008,4779984706072,0.340424,0.230927,20144.31,8590.58,1.474164,
16.918546,1009,4780001474184,0.340094,0.232746,20132.02,8646.35,1.461224,
16.935254,1010,4780018241496,0.339963,0.230439,20128.78,8608.06,1.475282,
16.952014,1011,4780035009624,0.340488,0.228765,20131.58,8602.45,1.488377,
16.968799,1012,4780051777088,0.340079,0.230150,20124.23,8654.76,1.477641,
16.985652,1013,4780068544256,0.340265,0.227686,20137.70,8683.84,1.494444,
17.002330,1014,4780085311888,0.340235,0.226442,20139.96,8646.43,1.502529,
17.019107,1015,4780102079680,0.339967,0.226945,20136.15,8616.49,1.498017,
17.035844,1016,4780118847736,0.340461,0.223942,20136.61,8670.09,1.520306,
17.052618,1017,4780135615648,0.340145,0.225621,20141.92,8651.99,1.507595,
17.069397,1018,4780152382944,0.340596,0.226758,20141.82,8571.65,1.502025,
17.086245,1019,4780169150976,0.340444,0.226857,20142.84,8558.59,1.500703,
17.102986,1020,4780185918592,0.340859,0.225935,20141.54,8584.24,1.508657,51
17.119741,1021,4780202685552,0.340088,0.225912,20143.30,8643.02,1.505401,
17.136512,1022,4780219453536,0.340160,0.227166,20125.77,8624.90,1.497406,
17.153268,1023,4780236220736,0.340646,0.227764,20141.81,8617.66,1.495609,
17.169999,1024,4780252988480,0.340664,0.231255,20142.91,8606.13,1.473112,
17.186841,1025,4780269756848,0.340794,0.224158,20142.22,8597.84,1.520330,
17.203511,1026,4780286524552,0.340517,0.226022,20139.90,8606.48,1.506568,
17.220258,1027,4780303291424,0.340435,0.229885,20131.27,8604.04,1.480897,
17.237117,1028,4780320059464,0.340659,0.230949,20140.91,8610.30,1.475039,
17.253968,1029,4780336827256,0.340724,0.230582,20139.98,8551.96,1.477667,
17.270648,1030,4780353594480,0.340730,0.228605,20135.23,8621.29,1.490475,
17.287421,1031,4780370362296,0.340207,0.230346,20137.18,8615.80,1.476942,
17.304131,1032,4780387130072,0.341048,0.227188,20136.06,8597.05,1.501167,
17.320964,1033,4780403898216,0.340542,0.227802,20137.87,8623.35,1.494904,
17.337762,1034,4780420665888,0.340596,0.227989,20132.24,8617.89,1.493916,
17.354483,1035,4780437433240,0.340361,0.226154,20133.61,8622.18,1.504994,
17.371249,1036,4780454201088,0.340594,0.223278,20130.96,8625.74,1.525426,
17.388050,1037,4780470968648,0.340461,0.228229,20137.24,8585.67,1.491754,
17.404797,1038,4780487735944,0.340562,0.224929,20144.69,8599.60,1.514085,
17.421576,1039,4780504504016,0.340507,0.228281,20125.88,8613.16,1.491612,
17.438378,1040,4780521271592,0.340580,0.225433,20131.11,8633.27,1.510781,52
17.455128,1041,4780538039016,0.340452,0.225291,20134.85,8648.55,1.511168,
17.471876,1042,4780554807144,0.340272,0.226764,20136.28,8650.68,1.500555,
17.488623,1043,4780571574112,0.340573,0.223590,20138.71,8598.07,1.523200,
17.505473,1044,4780588342032,0.341044,0.225451,20142.61,8519.85,1.512722,
17.522184,1045,4780605109704,0.340186,0.225691,20144.95,8534.28,1.507313,
17.538984,1046,4780621877072,0.340614,0.224498,20130.07,8551.92,1.517225,
17.555766,1047,4780638644680,0.340393,0.227380,20130.25,8531.88,1.497022,
17.572499,1048,4780655413144,0.340808,0.229882,20133.43,8574.38,1.482536,
17.589303,1049,4780672180832,0.340349,0.229683,20136.42,8551.76,1.481822,
17.606021,1050,4780688948216,0.340606,0.229686,20140.31,8578.78,1.482920,
17.622817,1051,4780705715960,0.340395,0.229293,20141.76,8550.60,1.484541,
17.639552,1052,4780722483088,0.340391,0.230109,20143.98,8583.23,1.479259,
17.656383,1053,4780739251184,0.340225,0.230036,20140.24,8632.52,1.479005,
17.673140,1054,4780756018848,0.339975,0.229459,20137.19,8610.12,1.481633,
17.689992,1055,4780772786552,0.340440,0.229229,20136.68,8610.52,1.485155,
17.706630,1056,4780789553568,0.340442,0.231294,20125.59,8658.30,1.471900,
17.723418,1057,4780806322112,0.340440,0.227227,20136.08,8613.62,1.498239,
17.740170,1058,4780823089576,0.339998,0.228154,20120.94,8617.11,1.490210,
17.756913,1059,4780839856736,0.340389,0.227077,20131.70,8647.37,1.499008,
17.773685,1060,4780856624664,0.340477,0.226839,20129.63,8626.60,1.500967,53
17.790518,1061,4780873392760,0.340053,0.229172,20132.29,8651.77,1.483834,
17.807239,1062,4780890159760,0.340170,0.229034,20135.00,8601.50,1.485240,
17.824068,1063,4780906927496,0.340580,0.227908,20134.23,8576.19,1.494374,
17.840806,1064,4780923695112,0.340526,0.227928,20134.75,8586.91,1.494005,
17.857522,1065,4780940463200,0.340313,0.229757,20138.78,8599.40,1.481185,
17.874312,1066,4780957230592,0.340669,0.229847,20125.65,8577.98,1.482152,
17.891084,1067,4780973998680,0.340231,0.229443,20136.65,8555.03,1.482858,
17.907912,1068,4780990766112,0.340048,0.224819,20120.02,8573.16,1.512540,
17.924681,1069,4781007534032,0.340001,0.229191,20121.41,8628.85,1.483483,
17.941376,1070,4781024301496,0.340076,0.228506,20127.41,8617.53,1.488263,
17.958135,1071,4781041069216,0.340842,0.229928,20118.06,8626.45,1.482389,
17.974942,1072,4781057836352,0.340791,0.232083,20129.24,8605.72,1.468403,
17.991706,1073,4781074604240,0.340729,0.231795,20133.27,8598.74,1.469960,
18.008483,1074,4781091372352,0.340155,0.230550,20129.29,8603.83,1.475404,
18.025237,1075,4781108140000,0.339739,0.228480,20119.40,8588.83,1.486952,
18.041981,1076,4781124907112,0.340520,0.227850,20126.76,8615.62,1.494494,
18.058772,1077,4781141674680,0.339859,0.227589,20136.10,8586.75,1.493300,
18.075562,1078,4781158442536,0.340218,0.227964,20113.78,8544.31,1.492418,
18.092310,1079,4781175210648,0.340254,0.224576,20123.54,8533.73,1.515096,
18.109052,1080,4781191978056,0.340290,0.225396,20141.37,8566.84,1.509741,54
18.125853,1081,4781208745960,0.339964,0.227580,20123.51,8546.84,1.493823,
18.142641,1082,4781225513552,0.340733,0.229249,20127.48,8584.96,1.486303,
18.159380,1083,4781242281168,0.340578,0.228676,20130.68,8607.97,1.489348,
18.176187,1084,4781259048112,0.339989,0.230482,20135.74,8619.32,1.475118,
18.192931,1085,4781275815720,0.339796,0.229172,20124.69,8623.03,1.482712,
18.209653,1086,4781292583920,0.339737,0.223914,20132.10,8590.29,1.517264,
18.226429,1087,4781309351168,0.340089,0.220332,20126.19,8633.34,1.543534,
18.243233,1088,4781326118832,0.340324,0.224040,20125.04,8621.21,1.519031,
18.259991,1089,4781342887032,0.340508,0.223934,20128.30,8609.72,1.520569,
18.276687,1090,4781359654568,0.340110,0.226109,20130.26,8570.18,1.504184,
18.293404,1091,4781376422200,0.340367,0.228548,20127.12,8591.04,1.489258,
18.310205,1092,4781393189568,0.339564,0.230319,20128.07,8595.33,1.474318,
18.326991,1093,4781409957240,0.340206,0.227338,20133.06,8601.54,1.496477,
18.343733,1094,4781426724888,0.339879,0.230077,20126.73,8632.95,1.477237,
18.360509,1095,4781443492976,0.340146,0.225368,20131.77,8594.82,1.509292,
18.377288,1096,4781460259904,0.339646,0.227696,20132.93,8589.98,1.491666,
18.394141,1097,4781477027680,0.340470,0.227648,20126.07,8562.25,1.495599,
18.410836,1098,4781493795480,0.340240,0.228109,20131.24,8553.18,1.491566,
18.427629,1099,4781510563680,0.339891,0.225910,20130.75,8529.56,1.504541,
18.444397,1100,4781527331088,0.339978,0.230402,20124.37,8569.72,1.475586,55
18.461161,1101,4781544098216,0.339642,0.228848,20117.52,8631.95,1.484135,
18.478006,1102,4781560866568,0.340117,0.228645,20122.43,8609.16,1.487535,
18.494721,1103,4781577634072,0.340040,0.227380,20117.45,8604.56,1.495471,
18.511487,1104,4781594401776,0.340047,0.226903,20126.76,8580.65,1.498644,
18.528216,1105,4781611169256,0.340316,0.226878,20128.22,8604.94,1.499996,
18.545014,1106,4781627937088,0.339999,0.228838,20119.56,8610.38,1.485766,
18.561847,1107,4781644704736,0.339433,0.233380,20130.66,8576.52,1.454420,
18.578625,1108,4781661472568,0.339850,0.226152,20120.12,8593.56,1.502751,
18.595328,1109,4781678239720,0.340013,0.223954,20122.50,8600.51,1.518226,
18.612193,1110,4781695008088,0.339985,0.227303,20112.25,8656.35,1.495733,
18.628882,1111,4781711774816,0.340076,0.230539,20116.45,8663.35,1.475135,
18.645702,1112,4781728542568,0.339686,0.231601,20126.02,8656.81,1.466686,
18.662417,1113,4781745310216,0.339603,0.232511,20122.57,8653.03,1.460593,
18.679244,1114,4781762077944,0.339736,0.233995,20119.38,8648.03,1.451892,
18.695909,1115,4781778845648,0.339965,0.230307,20118.05,8651.55,1.476140,
18.712730,1116,4781795613720,0.339242,0.229859,20116.16,8613.49,1.475872,
18.729404,1117,4781812381680,0.339549,0.230319,20115.03,8591.58,1.474256,
18.746222,1118,4781829149072,0.339382,0.227598,20115.26,8604.24,1.491145,
18.762964,1119,4781845917056,0.339638,0.226626,20118.05,8673.74,1.498672,
18.779755,1120,4781862684032,0.339625,0.228488,20109.98,8659.66,1.486398,56
18.796554,1121,4781879452368,0.340030,0.229467,20109.42,8665.16,1.481828,
18.813324,1122,4781896219352,0.340124,0.225106,20121.36,8628.67,1.510950,
18.830089,1123,4781912987168,0.339780,0.225134,20114.36,8649.36,1.509234,
18.846933,1124,4781929754464,0.339868,0.227505,20110.84,8627.44,1.493890,
18.863694,1125,4781946522440,0.339576,0.226128,20103.29,8652.28,1.501701,
18.880306,1126,4781963289736,0.339682,0.225393,20113.13,8630.11,1.507064,
18.897063,1127,4781980057816,0.340283,0.227613,20117.45,8605.38,1.495004,
18.913904,1128,4781996825512,0.339842,0.227898,20113.06,8623.92,1.491205,
18.930954,1129,4782013592704,0.339834,0.228479,20111.40,8604.10,1.487374,
18.947393,1130,4782030360480,0.339953,0.227516,20107.94,8628.39,1.494193,
18.964163,1131,4782047128112,0.339727,0.225922,20117.13,8621.94,1.503734,
18.980928,1132,4782063896592,0.339671,0.227269,20111.69,8643.00,1.494577,
18.997680,1133,4782080663736,0.339691,0.226789,20103.94,8647.01,1.497826,
19.014467,1134,4782097431496,0.339786,0.226345,20107.12,8669.98,1.501187,
19.031215,1135,4782114199272,0.339609,0.227741,20107.42,8636.15,1.491202,
19.048012,1136,4782130967000,0.339608,0.228545,20108.26,8631.67,1.485959,
19.064871,1137,4782147734704,0.339873,0.231097,20110.98,8622.37,1.470696,
19.081657,1138,4782164502272,0.339566,0.232030,20105.63,8610.59,1.463455,
19.098333,1139,4782181269512,0.339835,0.230224,20097.89,8607.32,1.476108,
19.115095,1140,4782198037056,0.340243,0.231513,20106.93,8596.90,1.469650,57
19.131804,1141,4782214805112,0.339487,0.230346,20120.53,8692.26,1.473817,
19.148680,1142,4782231573072,0.339604,0.232020,20119.04,8644.56,1.463687,
19.165404,1143,4782248340328,0.339586,0.231115,20114.29,8670.33,1.469341,
19.182186,1144,4782265108072,0.339322,0.231770,20111.14,8616.75,1.464047,
19.198923,1145,4782281876216,0.339623,0.230058,20111.85,8637.00,1.476248,
19.215734,1146,4782298643552,0.340140,0.232852,20105.16,8633.49,1.460752,
19.232451,1147,4782315410592,0.340039,0.232711,20097.38,8611.90,1.461209,
19.249265,1148,4782332178552,0.340134,0.228524,20095.88,8585.90,1.488397,
19.266034,1149,4782348946648,0.339737,0.230465,20111.78,8562.53,1.474139,
19.282820,1150,4782365714480,0.339620,0.228269,20101.27,8573.13,1.487808,
19.299510,1151,4782382481536,0.339538,0.229294,20096.45,8546.80,1.480794,
19.316253,1152,4782399249568,0.339373,0.226406,20100.12,8534.41,1.498956,
19.333027,1153,4782416017408,0.339202,0.227798,20089.46,8571.19,1.489046,
19.349869,1154,4782432785000,0.339606,0.230206,20102.21,8568.19,1.475225,
19.366542,1155,4782449552776,0.339525,0.229531,20096.81,8552.95,1.479212,
19.383417,1156,4782466319960,0.339559,0.229262,20107.33,8561.19,1.481093,
19.400161,1157,4782483087216,0.339868,0.230441,20092.29,8569.34,1.474857,
19.416944,1158,4782499854904,0.339666,0.229311,20087.59,8555.34,1.481247,
19.433722,1159,4782516623240,0.340009,0.229758,20080.92,8598.71,1.479857,
19.450467,1160,4782533390144,0.339558,0.231400,20097.91,8601.98,1.467410,58
19.467287,1161,4782550158680,0.338831,0.230996,20096.29,8607.01,1.466822,
19.484013,1162,4782566926016,0.339405,0.229733,20097.11,8589.74,1.477388,
19.500810,1163,4782583693720,0.339435,0.231371,20109.35,8598.96,1.467059,
19.517536,1164,4782600461536,0.339703,0.229229,20085.73,8616.83,1.481941,
19.534260,1165,4782617228592,0.339862,0.230395,20095.49,8598.65,1.475124,
19.551088,1166,4782633996312,0.340017,0.228715,20097.12,8620.11,1.486640,
19.567800,1167,4782650764112,0.339604,0.226090,20101.52,8588.01,1.502076,
19.584611,1168,4782667532032,0.339298,0.230272,20099.14,8589.15,1.473465,
19.601349,1169,4782684299240,0.339293,0.232227,20097.98,8603.74,1.461042,
19.618185,1170,4782701067056,0.339427,0.231162,20107.93,8671.39,1.468354,
19.634922,1171,4782717835352,0.339604,0.229339,20092.14,8642.80,1.480796,
19.651671,1172,4782734602200,0.339341,0.230751,20091.56,8663.53,1.470597,
19.668468,1173,4782751370200,0.339528,0.232435,20101.37,8631.75,1.460745,
19.685226,1174,4782768138328,0.339261,0.234463,20097.52,8631.05,1.446971,
19.702038,1175,4782784905736,0.339787,0.231634,20100.88,8640.93,1.466916,
19.718803,1176,4782801673328,0.339577,0.231517,20098.92,8614.22,1.466750,
19.735544,1177,4782818440808,0.339501,0.231587,20092.75,8603.08,1.465976,
19.752216,1178,4782835208704,0.339358,0.232361,20092.03,8548.58,1.460475,
19.769036,1179,4782851975920,0.339863,0.228939,20100.15,8606.60,1.484513,
19.785832,1180,4782868744216,0.339296,0.229890,20100.70,8616.56,1.475909,59
19.802594,1181,4782885511408,0.339540,0.231398,20095.89,8599.46,1.467343,
19.819315,1182,4782902279496,0.339069,0.230285,20091.15,8626.21,1.472388,
19.836084,1183,4782919046664,0.339047,0.227750,20092.78,8638.99,1.488679,
19.852854,1184,4782935814464,0.339200,0.226396,20093.60,8621.64,1.498260,
19.869714,1185,4782952582592,0.339296,0.226937,20093.04,8600.15,1.495108,
19.886406,1186,4782969349424,0.339632,0.226390,20085.27,8639.55,1.500210,
19.903130,1187,4782986117664,0.339214,0.228208,20090.37,8647.40,1.486422,
19.919966,1188,4783002884680,0.339497,0.230324,20092.68,8660.60,1.473999,
19.936707,1189,4783019652296,0.338998,0.228902,20087.66,8656.56,1.480974,
19.953588,1190,4783036420920,0.339486,0.226758,20085.84,8644.38,1.497128,
19.970328,1191,4783053188184,0.339677,0.227054,20081.20,8614.00,1.496021,
19.986995,1192,4783069955592,0.339283,0.227575,20087.24,8592.52,1.490860,
20.003817,1193,4783086723720,0.339383,0.227188,20088.38,8588.37,1.493844,
20.020611,1194,4783103490576,0.339596,0.228463,20083.17,8575.22,1.486435,
20.037312,1195,4783120258720,0.339761,0.227474,20082.05,8580.56,1.493624,
20.054117,1196,4783137026088,0.339623,0.226434,20083.51,8558.96,1.499879,
20.070871,1197,4783153794240,0.339736,0.225957,20082.42,8531.46,1.503544,
20.087650,1198,4783170561848,0.339426,0.228249,20094.11,8568.83,1.487082,
20.104433,1199,4783187329704,0.339350,0.227235,20093.08,8579.24,1.493386,
20.121223,1200,4783204096816,0.339538,0.225533,20087.33,8542.23,1.505493,60
20.137972,1201,4783220864736,0.339262,0.225486,20078.92,8569.89,1.504576,
20.154754,1202,4783237632088,0.339527,0.226965,20085.94,8559.11,1.495946,
20.171517,1203,4783254399960,0.339448,0.225147,20079.60,8537.50,1.507677,
20.188247,1204,4783271167944,0.339398,0.224429,20084.65,8555.36,1.512274,
20.205042,1205,4783287935256,0.339458,0.227856,20092.00,8566.60,1.489787,
20.221747,1206,4783304703016,0.339283,0.225284,20084.47,8583.46,1.506025,
20.238525,1207,4783321471088,0.338955,0.224670,20082.87,8555.78,1.508682,
20.255388,1208,4783338238552,0.339870,0.221608,20094.82,8549.00,1.533657,
20.272114,1209,4783355006168,0.339689,0.226968,20084.15,8539.68,1.496638,
20.288956,1210,4783371773408,0.339463,0.226665,20084.84,8540.02,1.497644,
20.305628,1211,4783388541408,0.339441,0.229888,20090.93,8545.24,1.476551,
20.322353,1212,4783405309088,0.339581,0.224698,20088.91,8586.33,1.511280,
20.339261,1213,4783422076832,0.339517,0.224700,20094.26,8578.74,1.510981,
20.355968,1214,4783438844072,0.339081,0.224608,20089.59,8562.56,1.509655,
20.372682,1215,4783455611944,0.339551,0.225546,20105.09,8597.24,1.505462,
20.389430,1216,4783472379496,0.339667,0.222911,20094.55,8613.11,1.523777,
20.406246,1217,4783489147704,0.339371,0.228114,20098.64,8600.20,1.487724,
20.422976,1218,4783505915408,0.339588,0.226090,20100.48,8549.27,1.502005,
20.439763,1219,4783522682200,0.339143,0.221813,20093.11,8587.94,1.528955,
20.456538,1220,4783539449792,0.339757,0.228377,20103.31,8592.22,1.487704,61
20.473306,1221,4783556218272,0.340125,0.226062,20104.21,8551.33,1.504570,
20.490066,1222,4783572985704,0.339970,0.230021,20101.91,8578.61,1.477995,
20.506887,1223,4783589753168,0.339236,0.228867,20103.08,8584.88,1.482239,
20.523588,1224,4783606521016,0.339481,0.232015,20098.53,8583.25,1.463185,
20.540382,1225,4783623288240,0.339287,0.227501,20091.77,8594.50,1.491361,
20.557132,1226,4783640056088,0.339718,0.226316,20087.22,8596.88,1.501080,
20.573925,1227,4783656824016,0.339332,0.228735,20098.61,8563.04,1.483520,
20.590701,1228,4783673591592,0.339181,0.227245,20092.77,8574.14,1.492577,
20.607436,1229,4783690359568,0.339795,0.225094,20089.24,8562.21,1.509565,
20.624305,1230,4783707126480,0.339741,0.228976,20092.66,8590.15,1.483745,
20.641026,1231,4783723894112,0.339368,0.223884,20103.23,8589.93,1.515818,
20.657765,1232,4783740662072,0.339851,0.226287,20100.64,8595.61,1.501855,
20.674565,1233,4783757430240,0.339055,0.226609,20094.56,8611.26,1.496213,
20.691354,1234,4783774197496,0.339332,0.224561,20084.09,8574.52,1.511089,
20.708055,1235,4783790964960,0.339594,0.224794,20095.69,8519.28,1.510691,
20.724898,1236,4783807732536,0.339693,0.225275,20101.24,8521.07,1.507903,
20.741632,1237,4783824500200,0.339624,0.224961,20095.94,8511.41,1.509703,
20.758379,1238,4783841268000,0.339380,0.226290,20089.31,8557.44,1.499755,
20.775153,1239,4783858036032,0.339590,0.224605,20096.70,8577.84,1.511940,
20.791964,1240,4783874802960,0.339166,0.221745,20088.91,8599.71,1.529535,62
20.808669,1241,4783891571296,0.339554,0.223148,20097.31,8593.73,1.521654,
20.825488,1242,4783908338888,0.339591,0.226711,20088.03,8612.74,1.497902,
20.842277,1243,4783925106832,0.339749,0.228367,20093.21,8580.49,1.487732,
20.859046,1244,4783941874464,0.339191,0.227846,20085.45,8619.80,1.488684,
20.875794,1245,4783958641240,0.339606,0.229256,20105.70,8610.00,1.481344,
20.892489,1246,4783975409016,0.340005,0.225157,20098.69,8584.74,1.510076,
20.909269,1247,4783992177240,0.339383,0.226014,20090.02,8558.35,1.501603,
20.926057,1248,4784008944792,0.339429,0.228276,20092.20,8601.98,1.486926,
20.942850,1249,4784025712736,0.339498,0.230106,20088.38,8610.91,1.475398,
20.959661,1250,4784042480408,0.339695,0.230500,20095.97,8589.82,1.473732,
20.976415,1251,4784059248088,0.339732,0.229075,20093.92,8573.59,1.483058,
20.993148,1252,4784076015088,0.339531,0.231317,20095.40,8573.04,1.467818,
21.009827,1253,4784092783240,0.339144,0.231053,20088.42,8580.86,1.467817,
21.026670,1254,4784109550920,0.339395,0.230641,20090.43,8560.01,1.471530,
21.043354,1255,4784126318736,0.339484,0.230529,20089.81,8527.90,1.472630,
21.060245,1256,4784143085648,0.339456,0.231795,20078.46,8594.42,1.464465,
21.076986,1257,4784159853200,0.339991,0.229654,20079.01,8624.67,1.480454,
21.093738,1258,4784176621648,0.339845,0.229507,20087.85,8654.75,1.480762,
21.110489,1259,4784193388944,0.339713,0.227444,20088.50,8642.78,1.493612,
21.127274,1260,4784210157056,0.339893,0.230478,20094.36,8692.25,1.474735,63
21.144063,1261,4784226923976,0.339679,0.230007,20087.89,8629.86,1.476821,
21.160816,1262,4784243691888,0.339972,0.231792,20078.89,8661.86,1.466713,
21.177578,1263,4784260460056,0.339664,0.233980,20088.01,8650.92,1.451681,
21.194402,1264,4784277227088,0.339610,0.231232,20085.96,8650.07,1.468699,
21.211115,1265,4784293994960,0.339883,0.231129,20091.24,8606.71,1.470535,
21.227909,1266,4784310763072,0.339868,0.231750,20088.84,8592.24,1.466530,
21.244611,1267,4784327530056,0.339909,0.228680,20091.16,8596.61,1.486396,
21.261414,1268,4784344297480,0.339821,0.232624,20086.84,8545.98,1.460817,
21.278168,1269,4784361065848,0.340038,0.230225,20087.00,8538.89,1.476977,
21.295003,1270,4784377832976,0.340223,0.227272,20088.83,8555.85,1.496984,
21.311699,1271,4784394601184,0.339359,0.227128,20088.88,8545.75,1.494136,
21.328477,1272,4784411368112,0.339839,0.227102,20085.43,8604.13,1.496417,
21.345255,1273,4784428136256,0.339621,0.226413,20094.30,8563.58,1.500005,
21.362004,1274,4784444904112,0.339558,0.226319,20086.39,8555.70,1.500348,
21.378787,1275,4784461671240,0.339844,0.224856,20087.40,8519.46,1.511383,
21.395546,1276,4784478439088,0.339754,0.230835,20086.78,8560.10,1.471847,
21.412341,1277,4784495207168,0.339262,0.233058,20079.88,8551.20,1.455696,
21.429137,1278,4784511974032,0.339366,0.235314,20080.51,8563.43,1.442179,
21.445859,1279,4784528742256,0.339529,0.230918,20084.80,8573.18,1.470343,
21.462618,1280,4784545510072,0.339638,0.228484,20081.72,8533.11,1.486483,64
21.479400,1281,4784562277352,0.339665,0.230911,20088.14,8544.57,1.470981,
21.496172,1282,4784579045592,0.339576,0.231182,20086.02,8567.81,1.468870,
21.512918,1283,4784595813200,0.339767,0.227643,20087.46,8564.06,1.492540,
21.529701,1284,4784612580464,0.339723,0.228271,20088.10,8506.39,1.488241,
21.546525,1285,4784629348216,0.339200,0.228133,20090.15,8535.33,1.486847,
21.563205,1286,4784646115592,0.339527,0.228254,20084.76,8549.11,1.487496,
21.579972,1287,4784662883256,0.339887,0.231429,20081.90,8531.40,1.468642,
21.596732,1288,4784679651000,0.339690,0.228408,20091.56,8549.27,1.487210,
21.613460,1289,4784696418888,0.339721,0.229732,20090.94,8548.79,1.478768,
21.630202,1290,4784713186016,0.339748,0.230481,20093.36,8563.28,1.474081,
21.647028,1291,4784729953664,0.339478,0.228974,20089.33,8560.60,1.482601,
21.663824,1292,4784746722088,0.339395,0.229222,20083.68,8562.83,1.480637,
21.680552,1293,4784763489848,0.339428,0.226625,20084.74,8570.43,1.497753,
21.697294,1294,4784780257088,0.339643,0.227232,20085.41,8545.36,1.494694,
21.714034,1295,4784797025072,0.339515,0.230198,20082.87,8597.43,1.474885,
21.730822,1296,4784813792016,0.339282,0.230528,20081.25,8560.52,1.471761,
21.747558,1297,4784830560440,0.339412,0.229315,20081.36,8568.94,1.480112,
21.764364,1298,4784847327512,0.339584,0.229321,20074.17,8599.88,1.480819,
21.781187,1299,4784864095832,0.339208,0.228502,20079.26,8541.42,1.484488,
21.797881,1300,4784880863328,0.339489,0.226366,20088.45,8593.17,1.499738,65
21.814663,1301,4784897630216,0.339459,0.226472,20077.96,8591.14,1.498901,
21.831445,1302,4784914398568,0.339746,0.228116,20074.96,8665.70,1.489356,
21.848230,1303,4784931165848,0.339658,0.228182,20073.28,8612.95,1.488542,
21.864992,1304,4784947933568,0.339416,0.229298,20072.42,8613.12,1.480236,
21.881736,1305,4784964701736,0.339213,0.232864,20066.60,8619.24,1.456701,
21.898486,1306,4784981468592,0.339020,0.229806,20083.74,8639.11,1.475245,
21.915268,1307,4784998236704,0.339015,0.232445,20081.01,8639.53,1.458476,
21.932019,1308,4785015004664,0.339226,0.230809,20080.45,8605.66,1.469726,
21.948800,1309,4785031771496,0.339447,0.225654,20080.29,8658.39,1.504278,
21.965591,1310,4785048539512,0.339106,0.229233,20070.67,8633.34,1.479308,
21.982375,1311,4785065307704,0.339485,0.228225,20085.82,8644.83,1.487499,
21.999207,1312,4785082074496,0.339297,0.232160,20070.87,8619.32,1.461482,
22.015895,1313,4785098842704,0.339114,0.229828,20068.33,8616.21,1.475512,
22.032663,1314,4785115610144,0.339322,0.231057,20074.02,8644.28,1.468563,
22.049437,1315,4785132378216,0.339382,0.228368,20067.10,8607.01,1.486118,
22.066176,1316,4785149145088,0.339344,0.228520,20066.62,8615.71,1.484964,
22.082961,1317,4785165913704,0.338890,0.228985,20074.59,8559.86,1.479967,
22.099763,1318,4785182680440,0.339112,0.228947,20075.61,8643.51,1.481179,
22.116488,1319,4785199448520,0.338775,0.229402,20068.62,8630.62,1.476776,
22.133284,1320,4785216216440,0.339090,0.227228,20065.31,8623.60,1.492288,66
22.150044,1321,4785232983512,0.339056,0.229595,20070.02,8631.20,1.476759,
22.166783,1322,4785249752032,0.338755,0.230710,20070.26,8633.09,1.468313,
22.183555,1323,4785266519144,0.339433,0.235108,20065.52,8622.22,1.443734,
22.200387,1324,4785283287032,0.339093,0.232718,20065.75,8581.15,1.457095,
22.217135,1325,4785300054704,0.338963,0.231721,20069.17,8535.39,1.462806,
22.233906,1326,4785316822568,0.339335,0.230247,20068.49,8589.25,1.473788,
22.250669,1327,4785333590200,0.339264,0.228178,20067.62,8555.58,1.486838,
22.267427,1328,4785350357960,0.338782,0.234491,20069.18,8517.38,1.444755,
22.284236,1329,4785367125016,0.339214,0.228663,20068.44,8493.13,1.483468,
22.300973,1330,4785383892552,0.339698,0.232007,20065.91,8529.31,1.464172,
22.317725,1331,4785400660776,0.338906,0.232201,20060.13,8542.59,1.459541,
22.334505,1332,4785417428352,0.338665,0.231668,20064.34,8544.19,1.461856,
22.351276,1333,4785434196144,0.338759,0.226983,20064.11,8551.87,1.492445,
22.368035,1334,4785450963832,0.339181,0.229747,20061.30,8572.65,1.476324,
22.384803,1335,4785467730848,0.338545,0.228886,20069.86,8659.04,1.479099,
22.401551,1336,4785484498736,0.338841,0.227655,20062.23,8613.14,1.488395,
22.418368,1337,4785501266792,0.339108,0.226395,20059.71,8570.17,1.497860,
22.435142,1338,4785518034056,0.339455,0.225915,20066.81,8569.25,1.502578,
22.451879,1339,4785534802200,0.339335,0.227533,20058.65,8615.74,1.491370,
22.468637,1340,4785551569016,0.339379,0.225780,20065.73,8587.56,1.503138,67
22.485414,1341,4785568337272,0.339192,0.226781,20072.88,8582.61,1.495678,
22.502229,1342,4785585104552,0.339485,0.226067,20062.18,8528.82,1.501701,
22.518951,1343,4785601872680,0.339295,0.225631,20062.07,8581.04,1.503763,
22.535668,1344,4785618639664,0.339084,0.227162,20062.53,8619.84,1.492698,
22.552597,1345,4785635408200,0.338670,0.223849,20064.50,8585.63,1.512937,
22.569246,1346,4785652175072,0.338824,0.224616,20056.20,8611.60,1.508456,
22.586048,1347,4785668943168,0.339423,0.225433,20055.80,8604.29,1.505652,
22.602803,1348,4785685710536,0.339012,0.223995,20059.75,8576.01,1.513483,
22.619660,1349,4785702478384,0.338919,0.226304,20057.47,8552.28,1.497627,
22.636370,1350,4785719245720,0.338924,0.224675,20060.71,8565.81,1.508509,
22.653132,1351,4785736013976,0.338860,0.220521,20066.29,8605.97,1.536633,
22.669942,1352,4785752781088,0.338908,0.221671,20060.74,8593.12,1.528878,
22.686642,1353,4785769548736,0.338748,0.223391,20055.00,8606.57,1.516393,
22.703409,1354,4785786317088,0.338507,0.223684,20054.41,8613.04,1.513327,
22.720245,1355,4785803084000,0.338781,0.226182,20054.82,8619.74,1.497826,
22.736906,1356,4785819851568,0.338703,0.227008,20064.60,8582.62,1.492031,
22.753680,1357,4785836619184,0.338668,0.228098,20053.71,8575.40,1.484748,
22.770565,1358,4785853386888,0.338376,0.226541,20058.00,8565.72,1.493662,
22.787234,1359,4785870154664,0.338436,0.225550,20062.44,8504.44,1.500490,
22.803987,1360,4785886923016,0.338715,0.226536,20058.41,8481.68,1.495194,68
22.820754,1361,4785903690184,0.338701,0.221143,20057.64,8466.60,1.531590,
22.837549,1362,4785920458072,0.338472,0.223244,20056.27,8540.73,1.516151,
22.854400,1363,4785937225832,0.338709,0.220305,20063.12,8550.62,1.537454,
22.871069,1364,4785953993552,0.339268,0.221443,20055.01,8550.48,1.532081,
22.887825,1365,4785970761032,0.338345,0.220575,20053.22,8559.55,1.533925,
22.904610,1366,4785987528592,0.338747,0.222394,20048.66,8498.25,1.523181,
22.921354,1367,4786004296240,0.338768,0.223665,20053.93,8503.73,1.514623,
22.938146,1368,4786021063888,0.338820,0.221940,20055.29,8553.80,1.526627,
22.954962,1369,4786037831496,0.338399,0.224999,20043.55,8531.37,1.504000,
22.971725,1370,4786054599536,0.338478,0.222938,20043.74,8530.88,1.518263,
22.988484,1371,4786071366424,0.338602,0.227462,20053.69,8552.62,1.488607,
23.005254,1372,4786088134088,0.338658,0.227037,20047.07,8603.54,1.491645,
23.021951,1373,4786104902216,0.338344,0.226254,20047.49,8586.22,1.495420,
23.038880,1374,4786121670088,0.338369,0.226510,20042.34,8609.01,1.493839,
23.055496,1375,4786138437976,0.338539,0.229165,20056.04,8619.71,1.477271,
23.072353,1376,4786155205464,0.338627,0.230506,20052.20,8599.18,1.469060,
23.089126,1377,4786171973144,0.338493,0.234117,20049.77,8616.28,1.445828,
23.105912,1378,4786188740016,0.338786,0.229410,20048.13,8611.48,1.476768,
23.122567,1379,4786205508568,0.338575,0.230759,20047.09,8634.45,1.467222,
23.139317,1380,4786222275608,0.338270,0.231957,20048.67,8592.13,1.458329,69
23.156173,1381,4786239043736,0.338628,0.229050,20049.23,8630.14,1.478404,
23.172923,1382,4786255811592,0.338528,0.228889,20037.61,8644.90,1.479008,
23.189678,1383,4786272579056,0.338900,0.228604,20048.95,8691.59,1.482473,
23.206427,1384,4786289346056,0.338388,0.227694,20050.52,8682.43,1.486154,
23.223232,1385,4786306114144,0.338771,0.228577,20053.59,8657.24,1.482088,
23.240015,1386,4786322881552,0.338661,0.227706,20057.09,8635.98,1.487278,
23.256761,1387,4786339649720,0.338592,0.224978,20058.18,8649.18,1.504997,
23.273589,1388,4786356417000,0.338128,0.224974,20044.32,8639.20,1.502967,
23.290234,1389,4786373184848,0.338857,0.224010,20050.16,8643.67,1.512689,
23.307104,1390,4786389952184,0.339032,0.225549,20055.56,8681.41,1.503142,
23.323837,1391,4786406719776,0.338448,0.223854,20061.32,8654.43,1.511911,
23.340584,1392,4786423487792,0.338461,0.227394,20061.63,8644.95,1.488434,
23.357366,1393,4786440255216,0.338492,0.227465,20060.96,8651.16,1.488109,
23.374097,1394,4786457023424,0.338388,0.228298,20063.62,8653.13,1.482220,
23.390876,1395,4786473790944,0.338204,0.231875,20057.15,8667.92,1.458559,
23.407660,1396,4786490558016,0.338532,0.227802,20060.07,8654.80,1.486078,
23.424396,1397,4786507325904,0.338810,0.225358,20050.31,8645.29,1.503427,
23.441155,1398,4786524093424,0.338273,0.224805,20060.17,8630.61,1.504739,
23.457903,1399,4786540861648,0.338408,0.226785,20064.68,8608.74,1.492194,
23.474689,1400,4786557629408,0.338427,0.229188,20056.62,8608.52,1.476636,70
23.491490,1401,4786574396848,0.338147,0.226573,20056.42,8632.91,1.492443,
23.508288,1402,4786591164072,0.338552,0.227893,20061.00,8643.37,1.485573,
23.525070,1403,4786607932088,0.338942,0.227340,20051.15,8588.12,1.490905,
23.541772,1404,4786624700032,0.338541,0.228558,20053.42,8637.28,1.481203,
23.558602,1405,4786641467776,0.338782,0.227063,20059.01,8610.66,1.492015,
23.575296,1406,4786658235088,0.338770,0.232004,20055.66,8598.71,1.460191,
23.592092,1407,4786675002536,0.337721,0.230434,20052.95,8601.13,1.465587,
23.608860,1408,4786691770144,0.338959,0.229331,20055.50,8597.63,1.478037,
23.625654,1409,4786708538256,0.338365,0.228929,20058.18,8589.01,1.478035,
23.642447,1410,4786725305592,0.338075,0.229194,20053.75,8594.03,1.475057,
23.659277,1411,4786742073408,0.338889,0.228249,20052.56,8649.64,1.484732,
23.676044,1412,4786758841032,0.338803,0.232620,20052.61,8686.02,1.456467,
23.692760,1413,4786775609072,0.338005,0.229767,20049.07,8634.20,1.471081,
23.709489,1414,4786792376552,0.338347,0.230781,20056.88,8644.81,1.466095,
23.726321,1415,4786809143736,0.338052,0.232385,20056.22,8605.17,1.454707,
23.743004,1416,4786825911576,0.338505,0.229140,20065.13,8578.32,1.477283,
23.759773,1417,4786842679256,0.338817,0.227986,20054.88,8570.96,1.486128,
23.776648,1418,4786859447200,0.338540,0.228229,20056.93,8601.13,1.483333,
23.793316,1419,4786876214736,0.338402,0.227278,20058.21,8625.93,1.488938,
23.810048,1420,4786892982000,0.338497,0.224825,20063.33,8617.47,1.505606,71
23.826804,1421,4786909749592,0.338488,0.225456,20068.01,8605.11,1.501348,
23.843598,1422,4786926517424,0.338580,0.226385,20057.45,8628.64,1.495595,
23.860391,1423,4786943285592,0.338236,0.227431,20051.72,8639.31,1.487206,
23.877143,1424,4786960052592,0.338409,0.225888,20056.79,8667.89,1.498127,
23.893961,1425,4786976820680,0.338803,0.224497,20063.98,8647.76,1.509164,
23.910704,1426,4786993588568,0.338762,0.223998,20063.29,8621.47,1.512341,
23.927440,1427,4787010355648,0.338871,0.226226,20077.11,8637.26,1.497935,
23.944211,1428,4787027123592,0.338797,0.225979,20063.23,8664.61,1.499243,
23.961042,1429,4787043891200,0.337675,0.228511,20060.60,8630.37,1.477716,
23.977857,1430,4787060658464,0.338061,0.230657,20055.60,8631.64,1.465647,
23.994648,1431,4787077426704,0.338776,0.230122,20052.53,8666.37,1.472156,
24.011315,1432,4787094194552,0.338300,0.227200,20057.33,8654.67,1.488999,
24.028062,1433,4787110961648,0.338518,0.224728,20071.58,8629.97,1.506346,
24.044857,1434,4787127729424,0.338285,0.225427,20063.95,8612.60,1.500644,
24.061619,1435,4787144497512,0.338346,0.227448,20057.02,8627.45,1.487573,
24.078368,1436,4787161265032,0.338253,0.226624,20057.15,8605.09,1.492572,
24.095185,1437,4787178032200,0.338666,0.227946,20057.61,8589.51,1.485728,
24.111893,1438,4787194800056,0.338359,0.232071,20060.23,8581.11,1.457999,
24.128649,1439,4787211568000,0.337931,0.230386,20054.73,8577.56,1.466801,
24.145486,1440,4787228335536,0.338392,0.227688,20062.79,8591.59,1.486207,72
24.162187,1441,4787245102664,0.338088,0.228600,20054.11,8599.19,1.478949,
24.178933,1442,4787261870536,0.337967,0.226798,20055.51,8577.70,1.490167,
24.195781,1443,4787278637920,0.338505,0.227019,20045.97,8632.14,1.491090,
24.212513,1444,4787295405904,0.338768,0.227440,20050.48,8589.34,1.489487,
24.229336,1445,4787312173776,0.338742,0.226215,20062.64,8589.03,1.497433,
24.246055,1446,4787328940944,0.338558,0.230710,20062.55,8584.03,1.467459,
24.262803,1447,4787345708720,0.338736,0.229589,20056.03,8623.93,1.475401,
24.279602,1448,4787362476536,0.337924,0.229702,20050.91,8641.24,1.471138,
24.296325,1449,4787379243976,0.338697,0.230761,20052.83,8637.70,1.467741,
24.313215,1450,4787396011904,0.338675,0.232343,20049.77,8645.00,1.457651,
24.329922,1451,4787412779216,0.338979,0.230468,20053.16,8630.83,1.470828,
24.346606,1452,4787429547088,0.339341,0.230409,20058.67,8663.95,1.472778,
24.363402,1453,4787446315256,0.338680,0.229449,20059.93,8625.25,1.476060,
24.380180,1454,4787463082512,0.338480,0.232529,20051.97,8627.83,1.455644,
24.396901,1455,4787479850440,0.338613,0.231299,20053.00,8664.31,1.463964,
24.413792,1456,4787496617664,0.338931,0.229927,20058.02,8671.13,1.474082,
24.430502,1457,4787513386056,0.338208,0.231131,20049.70,8664.56,1.463274,
24.447311,1458,4787530153568,0.338207,0.234604,20062.43,8654.41,1.441611,
24.464040,1459,4787546920664,0.338197,0.234973,20061.25,8640.45,1.439300,
24.480771,1460,4787563689112,0.338593,0.233594,20059.44,8590.38,1.449490,73
24.497610,1461,4787580456760,0.338281,0.232242,20047.95,8596.26,1.456589,
24.514234,1462,4787597224072,0.338704,0.235435,20047.19,8613.87,1.438630,
24.531002,1463,4787613991904,0.337937,0.231528,20059.87,8602.06,1.459592,
24.547917,1464,4787630759496,0.338454,0.227465,20061.71,8604.28,1.487937,
24.564549,1465,4787647527216,0.338405,0.227990,20069.17,8597.94,1.484301,
24.581445,1466,4787664294760,0.338049,0.228521,20063.48,8615.37,1.479294,
24.598077,1467,4787681062072,0.338449,0.228722,20067.23,8647.23,1.479741,
24.614862,1468,4787697830072,0.338330,0.227225,20065.15,8581.68,1.488969,
24.631679,1469,4787714598032,0.338432,0.228292,20064.29,8573.98,1.482456,
24.648353,1470,4787731365592,0.338874,0.226682,20057.84,8608.87,1.494929,
24.665202,1471,4787748133216,0.338361,0.228929,20065.77,8636.79,1.478014,
24.682003,1472,4787764900088,0.337962,0.229841,20063.23,8607.71,1.470417,
24.698676,1473,4787781668144,0.338273,0.228643,20064.11,8587.71,1.479483,
24.715462,1474,4787798436144,0.338336,0.227629,20071.14,8571.42,1.486347,
24.732239,1475,4787815204016,0.338085,0.228990,20064.98,8581.17,1.476417,
24.748933,1476,4787831971552,0.337882,0.226842,20059.21,8573.52,1.489500,
24.765733,1477,4787848738848,0.338138,0.228234,20071.61,8600.88,1.481539,
24.782499,1478,4787865506088,0.338378,0.227190,20064.98,8607.61,1.489401,
24.799318,1479,4787882274184,0.337647,0.225829,20057.24,8576.70,1.495147,
24.816081,1480,4787899041464,0.338190,0.228878,20062.80,8616.26,1.477600,74
24.832827,1481,4787915809704,0.337966,0.227534,20064.56,8610.92,1.485341,
24.849619,1482,4787932576976,0.337946,0.223504,20055.18,8641.05,1.512034,
24.866358,1483,4787949344736,0.338099,0.223245,20069.16,8654.02,1.514474,
24.883111,1484,4787966112568,0.337899,0.228905,20061.43,8609.70,1.476152,
24.899899,1485,4787982879680,0.338171,0.229254,20063.40,8625.44,1.475096,
24.916726,1486,4787999648032,0.338092,0.227467,20058.39,8591.36,1.486333,
24.933467,1487,4788016415216,0.338277,0.225095,20053.98,8573.25,1.502815,
24.950243,1488,4788033182832,0.338014,0.226729,20062.91,8609.22,1.490826,
24.967003,1489,4788049951240,0.338006,0.229609,20064.04,8583.22,1.472096,
24.983914,1490,4788066718664,0.338218,0.227662,20053.07,8681.95,1.485610,
25.000598,1491,4788083485704,0.337671,0.232939,20066.80,8660.72,1.449612,
25.017308,1492,4788100254016,0.338353,0.230251,20062.84,8677.17,1.469499,
25.034084,1493,4788117021200,0.338170,0.232106,20060.36,8662.87,1.456961,
25.050835,1494,4788133789088,0.337890,0.232023,20069.38,8691.48,1.456277,
25.067732,1495,4788150557184,0.338360,0.230600,20066.99,8706.01,1.467301,
25.084392,1496,4788167324072,0.337863,0.232258,20066.02,8676.54,1.454686,
25.101145,1497,4788184091736,0.337875,0.231038,20064.92,8638.35,1.462421,
25.117939,1498,4788200859776,0.338749,0.229161,20063.43,8702.57,1.478215,
25.134727,1499,4788217627240,0.338584,0.231920,20058.59,8674.21,1.459920,
25.151492,1500,4788234395072,0.337963,0.228310,20052.82,8711.64,1.480282,75
25.168290,1501,4788251163032,0.337961,0.227725,20056.90,8698.89,1.484077,
25.185006,1502,4788267930568,0.338170,0.224713,20054.23,8664.24,1.504903,
25.201795,1503,4788284698000,0.338130,0.227254,20062.76,8661.11,1.487897,
25.218497,1504,4788301465352,0.338204,0.225614,20065.70,8647.02,1.499040,
25.235305,1505,4788318233072,0.338445,0.223467,20051.76,8667.87,1.514516,
25.252073,1506,4788335000976,0.338418,0.226680,20060.23,8662.94,1.492935,
25.268891,1507,4788351768792,0.338180,0.227246,20056.20,8648.93,1.488167,
25.285640,1508,4788368536072,0.338142,0.228145,20054.69,8667.17,1.482136,
25.302407,1509,4788385303496,0.337983,0.229413,20051.17,8665.81,1.473250,
25.319132,1510,4788402071976,0.337901,0.229738,20040.60,8626.80,1.470813,
25.335913,1511,4788418838904,0.338458,0.229200,20053.10,8637.48,1.476694,
25.352691,1512,4788435607312,0.338146,0.228506,20041.04,8688.97,1.479811,
25.369479,1513,4788452374440,0.337708,0.229468,20050.40,8680.31,1.471700,
25.386203,1514,4788469142592,0.338130,0.229508,20049.19,8680.44,1.473280,
25.402999,1515,4788485910424,0.337860,0.229427,20059.58,8683.93,1.472625,
25.419766,1516,4788502678072,0.338183,0.229254,20058.61,8696.71,1.475142,
25.436629,1517,4788519445664,0.337955,0.224828,20057.49,8669.22,1.503173,
25.453448,1518,4788536212536,0.337908,0.229298,20051.71,8685.07,1.473663,
25.470103,1519,4788552980736,0.338169,0.228309,20059.85,8676.19,1.481192,
25.486883,1520,4788569748112,0.337768,0.230547,20057.77,8673.89,1.465072,76
25.503697,1521,4788586515776,0.338594,0.231985,20058.66,8711.08,1.459553,
25.520392,1522,4788603284016,0.338229,0.232100,20052.39,8666.16,1.457253,
25.537184,1523,4788620050944,0.338360,0.229892,20056.40,8671.90,1.471820,
25.553965,1524,4788636819056,0.338034,0.226393,20067.83,8660.63,1.493132,
25.570717,1525,4788653586200,0.338041,0.231745,20052.72,8671.88,1.458678,
25.587411,1526,4788670353920,0.338794,0.229944,20050.54,8676.31,1.473378,
25.604273,1527,4788687122000,0.338674,0.230330,20055.62,8691.82,1.470386,
25.620972,1528,4788703889072,0.338643,0.230059,20045.40,8694.39,1.471985,
25.637833,1529,4788720656720,0.338534,0.228900,20041.75,8672.81,1.478962,
25.654559,1530,4788737424536,0.337997,0.232362,20055.46,8695.05,1.454614,
25.671451,1531,4788754192920,0.338173,0.230213,20043.00,8710.13,1.468957,
25.688034,1532,4788770959960,0.338365,0.231078,20040.04,8736.54,1.464288,
25.704865,1533,4788787727736,0.338288,0.230335,20045.20,8733.84,1.468677,
25.721618,1534,4788804495648,0.338592,0.233662,20052.91,8721.64,1.449070,
25.738417,1535,4788821263200,0.338560,0.228179,20051.60,8688.26,1.483749,
25.755109,1536,4788838030312,0.337995,0.230133,20060.78,8670.83,1.468697,
25.771940,1537,4788854798664,0.338075,0.229560,20058.00,8651.75,1.472708,
25.788654,1538,4788871566536,0.338348,0.227457,20051.67,8642.87,1.487527,
25.805418,1539,4788888334056,0.338599,0.227803,20042.55,8627.83,1.486364,
25.822154,1540,4788905101440,0.338256,0.228165,20051.42,8668.85,1.482509,77
25.838922,1541,4788921868592,0.338443,0.229075,20042.57,8613.38,1.477433,
25.855731,1542,4788938636552,0.338502,0.231251,20044.68,8656.40,1.463787,
25.872520,1543,4788955404720,0.338266,0.226909,20046.34,8677.17,1.490755,
25.889277,1544,4788972172464,0.338891,0.230401,20040.67,8649.48,1.470878,
25.906019,1545,4788988939720,0.339286,0.230759,20038.57,8644.88,1.470304,
25.922754,1546,4789005706976,0.338426,0.230993,20042.80,8636.07,1.465090,
25.939588,1547,4789022475168,0.338362,0.233011,20040.74,8647.21,1.452133,
25.956422,1548,4789039242592,0.338226,0.229511,20034.60,8615.59,1.473679,
25.973206,1549,4789056010424,0.338878,0.231329,20034.04,8663.38,1.464919,
25.989966,1550,4789072777904,0.339080,0.230267,20035.43,8665.15,1.472549,
26.006721,1551,4789089545240,0.338650,0.227649,20052.48,8640.88,1.487596,
26.023430,1552,4789106313568,0.338628,0.231253,20053.64,8616.31,1.464319,
26.040259,1553,4789123080624,0.338376,0.231451,20049.09,8629.89,1.461973,
26.057002,1554,4789139848536,0.338995,0.230188,20038.39,8599.64,1.472686,
26.073787,1555,4789156616680,0.337984,0.230917,20042.57,8595.46,1.463662,
26.090537,1556,4789173384088,0.338636,0.231460,20046.84,8589.79,1.463040,
26.107310,1557,4789190151240,0.338847,0.229189,20047.53,8606.07,1.478461,
26.124085,1558,4789206918888,0.338849,0.230871,20057.65,8609.85,1.467698,
26.140844,1559,4789223687312,0.338900,0.231355,20044.83,8637.37,1.464845,
26.157594,1560,4789240454704,0.338530,0.229015,20053.88,8645.18,1.478204,78
26.174421,1561,4789257222312,0.338594,0.226871,20055.37,8605.15,1.492450,
26.191148,1562,4789273989664,0.338947,0.226984,20050.27,8632.47,1.493262,
26.207970,1563,4789290757184,0.338599,0.224132,20049.75,8648.50,1.510709,
26.224655,1564,4789307525056,0.338498,0.223478,20053.77,8626.14,1.514685,
26.241519,1565,4789324292920,0.338872,0.225624,20044.26,8644.61,1.501932,
26.258260,1566,4789341061072,0.338865,0.225821,20055.55,8656.65,1.500589,
26.274953,1567,4789357828184,0.338685,0.224745,20051.78,8581.48,1.506975,
26.291724,1568,4789374596352,0.338563,0.225397,20046.35,8570.52,1.502072,
26.308487,1569,4789391363904,0.338648,0.224544,20045.73,8588.67,1.508156,
26.325298,1570,4789408131032,0.338669,0.223971,20052.55,8614.88,1.512111,
26.342062,1571,4789424899200,0.338934,0.228700,20041.41,8672.39,1.482002,
26.358862,1572,4789441666976,0.338840,0.229724,20054.58,8652.82,1.474985,
26.375635,1573,4789458433720,0.338622,0.229677,20047.32,8642.10,1.474336,
26.392384,1574,4789475201480,0.339206,0.227607,20053.54,8648.52,1.490318,
26.409103,1575,4789491969072,0.338675,0.230561,20045.06,8577.56,1.468917,
26.425886,1576,4789508737032,0.338713,0.228307,20057.70,8609.84,1.483586,
26.442602,1577,4789525504704,0.338457,0.230761,20050.94,8638.53,1.466702,
26.459450,1578,4789542272056,0.338372,0.230074,20054.92,8688.15,1.470709,
26.476224,1579,4789559039848,0.338605,0.225782,20043.85,8643.70,1.499700,
26.492923,1580,4789575808016,0.338590,0.225242,20049.34,8603.58,1.503228,79
26.509745,1581,4789592575592,0.338447,0.230615,20055.28,8623.65,1.467584,
26.526463,1582,4789609343512,0.338899,0.226513,20049.72,8622.94,1.496152,
26.543250,1583,4789626110920,0.338346,0.231580,20049.56,8609.77,1.461034,
26.560092,1584,4789642878944,0.338785,0.229815,20046.76,8573.81,1.474165,
26.576773,1585,4789659646144,0.338160,0.229914,20046.33,8546.95,1.470813,
26.593532,1586,4789676413904,0.338475,0.230455,20049.95,8575.03,1.468723,
26.610281,1587,4789693181736,0.338515,0.231237,20058.44,8602.64,1.463934,
26.627078,1588,4789709948848,0.338412,0.233271,20053.18,8589.75,1.450727,
26.643905,1589,4789726716680,0.338667,0.230672,20045.56,8579.14,1.468177,
26.660685,1590,4789743484592,0.338448,0.230258,20054.60,8570.73,1.469865,
26.677406,1591,4789760252352,0.338145,0.227000,20050.44,8554.90,1.489625,
26.694377,1592,4789777020072,0.338115,0.224874,20049.04,8578.61,1.503573,
26.710940,1593,4789793787032,0.338170,0.226695,20054.98,8590.98,1.491742,
26.727764,1594,4789810554592,0.338497,0.227952,20051.80,8579.14,1.484952,
26.744499,1595,4789827322904,0.338081,0.230349,20050.99,8559.62,1.467691,
26.761281,1596,4789844089960,0.338598,0.231712,20047.55,8548.28,1.461287,
26.778032,1597,4789860858200,0.338337,0.229283,20058.14,8583.07,1.475631,
26.794777,1598,4789877625440,0.338160,0.229813,20052.70,8526.87,1.471458,
26.811625,1599,4789894393568,0.337938,0.227090,20050.37,8544.76,1.488122,
26.828359,1600,4789911160960,0.338327,0.228944,20057.54,8569.93,1.477772,80
26.845071,1601,4789927929056,0.338524,0.225847,20059.10,8557.01,1.498907,
26.861836,1602,4789944696512,0.338628,0.226837,20059.90,8583.78,1.492825,
26.878679,1603,4789961464240,0.338588,0.225548,20056.65,8584.88,1.501179,
26.895453,1604,4789978231272,0.338826,0.225756,20058.98,8553.73,1.500851,
26.912161,1605,4789994999704,0.338511,0.225327,20052.98,8617.78,1.502308,
26.928843,1606,4790011767144,0.338456,0.227925,20051.17,8641.06,1.484942,
26.945626,1607,4790028534240,0.338408,0.230439,20055.41,8610.44,1.468534,
26.962463,1608,4790045302056,0.338458,0.230448,20060.49,8609.88,1.468692,
26.979190,1609,4790062069760,0.337980,0.227516,20062.37,8628.62,1.485519,
26.996045,1610,4790078838056,0.338757,0.229374,20061.21,8603.66,1.476873,
27.012794,1611,4790095605112,0.338408,0.231435,20060.71,8587.65,1.462215,
27.029521,1612,4790112372592,0.339026,0.230383,20057.43,8620.64,1.471576,
27.046275,1613,4790129140240,0.338537,0.227515,20062.94,8574.07,1.487977,
27.063114,1614,4790145908592,0.338516,0.230083,20062.05,8575.18,1.471281,
27.079817,1615,4790162676088,0.338661,0.226918,20061.63,8602.57,1.492440,
27.096588,1616,4790179443088,0.338609,0.227686,20056.26,8607.72,1.487177,
27.113379,1617,4790196211704,0.338762,0.226492,20059.28,8563.62,1.495692,
27.130092,1618,4790212979016,0.338869,0.230943,20057.11,8619.55,1.467327,
27.146887,1619,4790229746328,0.338464,0.226113,20065.11,8651.95,1.496883,
27.163629,1620,4790246514496,0.338332,0.224173,20057.29,8612.51,1.509246,81
27.180569,1621,4790263281808,0.338591,0.225790,20049.54,8589.18,1.499583,
27.197192,1622,4790280049720,0.338926,0.225953,20057.02,8623.04,1.499983,
27.213918,1623,4790296817496,0.338712,0.226279,20062.64,8603.89,1.496880,
27.230649,1624,4790313585352,0.338435,0.227392,20060.65,8581.15,1.488329,
27.247440,1625,4790330352736,0.338612,0.228297,20058.78,8576.68,1.483209,
27.264316,1626,4790347120552,0.338496,0.230854,20063.07,8604.05,1.466279,
27.280948,1627,4790363888200,0.339041,0.231963,20056.52,8605.34,1.461613,
27.297750,1628,4790380655352,0.338863,0.227841,20059.91,8616.78,1.487276,
27.314495,1629,4790397423216,0.338919,0.229193,20061.16,8572.79,1.478746,
27.331224,1630,4790414190536,0.338616,0.227036,20059.72,8595.99,1.491465,
27.347987,1631,4790430958512,0.338856,0.228070,20055.27,8599.40,1.485751,
27.364772,1632,4790447725680,0.339050,0.229494,20049.04,8541.93,1.477381,
27.381587,1633,4790464494000,0.339052,0.229471,20052.70,8562.78,1.477537,
27.398313,1634,4790481261184,0.338876,0.233760,20059.73,8508.77,1.449675,
27.415136,1635,4790498028704,0.339071,0.230527,20064.27,8543.92,1.470854,
27.431908,1636,4790514797200,0.338314,0.231751,20070.20,8512.08,1.459815,
27.448653,1637,4790531564216,0.338994,0.232320,20069.81,8514.61,1.459168,
27.465455,1638,4790548332072,0.338985,0.231047,20058.74,8498.15,1.467171,
27.482237,1639,4790565099352,0.338818,0.230522,20064.34,8530.88,1.469787,
27.498983,1640,4790581867168,0.338720,0.232629,20063.12,8598.73,1.456053,82
27.515725,1641,4790598634720,0.338797,0.231076,20067.37,8598.20,1.466173,
27.532508,1642,4790615402720,0.339009,0.233860,20063.45,8628.36,1.449620,
27.549277,1643,4790632170168,0.339076,0.234097,20064.35,8608.24,1.448441,
27.566015,1644,4790648937888,0.338542,0.231656,20066.32,8633.94,1.461396,
27.582826,1645,4790665705240,0.338839,0.231080,20073.79,8607.79,1.466329,
27.599594,1646,4790682473072,0.338656,0.230984,20069.13,8580.18,1.466147,
27.616407,1647,4790699240624,0.338505,0.233805,20071.01,8574.19,1.447805,
27.633110,1648,4790716009000,0.338321,0.233119,20071.29,8582.23,1.451282,
27.649969,1649,4790732776144,0.338882,0.232804,20065.16,8584.44,1.455654,
27.666729,1650,4790749543592,0.338995,0.232506,20063.12,8526.39,1.458004,
27.683483,1651,4790766311680,0.338661,0.232596,20063.46,8597.93,1.456005,
27.700232,1652,4790783079464,0.338541,0.234058,20074.07,8629.16,1.446397,
27.716983,1653,4790799846664,0.338631,0.233313,20072.17,8611.88,1.451405,
27.733745,1654,4790816615088,0.338332,0.231512,20067.06,8574.09,1.461403,
27.750496,1655,4790833382720,0.338288,0.228369,20070.41,8594.67,1.481323,
27.767279,1656,4790850150016,0.339252,0.229425,20071.65,8605.30,1.478705,
27.784027,1657,4790866917888,0.338820,0.227676,20063.24,8620.11,1.488164,
27.800972,1658,4790883685592,0.338693,0.225417,20065.16,8590.14,1.502514,
27.817634,1659,4790900452552,0.338743,0.224635,20068.28,8576.65,1.507970,
27.834352,1660,4790917221072,0.338967,0.225388,20072.03,8593.00,1.503929,83
27.851080,1661,4790933988736,0.338881,0.227033,20065.64,8580.58,1.492652,
27.867825,1662,4790950756088,0.338928,0.230000,20059.03,8530.37,1.473597,
27.884645,1663,4790967523704,0.339056,0.228861,20064.68,8532.78,1.481491,
27.901506,1664,4790984290816,0.338828,0.231040,20062.55,8552.69,1.466532,
27.918174,1665,4791001058704,0.339480,0.226791,20069.45,8566.36,1.496889,
27.934995,1666,4791017826168,0.339104,0.226492,20054.73,8577.87,1.497200,
27.951715,1667,4791034594240,0.338922,0.228563,20062.76,8583.36,1.482835,
27.968520,1668,4791051361520,0.338640,0.230465,20061.47,8554.64,1.469375,
27.985361,1669,4791068129184,0.338915,0.225878,20063.61,8557.46,1.500436,
28.002043,1670,4791084897536,0.338543,0.228756,20067.24,8578.80,1.479931,
28.018733,1671,4791101664680,0.338973,0.225091,20064.84,8562.76,1.505934,
28.035559,1672,4791118432568,0.338442,0.224656,20073.88,8507.93,1.506490,
28.052330,1673,4791135200184,0.338472,0.228840,20066.07,8558.97,1.479076,
28.069143,1674,4791151967440,0.338370,0.229050,20074.93,8529.91,1.477278,
28.085892,1675,4791168735056,0.338950,0.228770,20073.21,8523.26,1.481620,
28.102619,1676,4791185503240,0.339219,0.230143,20069.20,8526.90,1.473945,
28.119449,1677,4791202271168,0.338817,0.229823,20071.01,8507.95,1.474253,
28.136116,1678,4791219038056,0.338941,0.229885,20058.07,8588.44,1.474395,
28.152946,1679,4791235805736,0.338906,0.229737,20064.39,8558.50,1.475188,
28.169640,1680,4791252574072,0.338466,0.230536,20075.32,8601.28,1.468168,84
28.186503,1681,4791269341568,0.338833,0.230866,20069.75,8612.83,1.467660,
28.203235,1682,4791286109312,0.338969,0.226687,20072.24,8606.75,1.495318,
28.219957,1683,4791302876464,0.338906,0.228292,20071.97,8585.48,1.484524,
28.236777,1684,4791319644736,0.339419,0.233873,20065.69,8560.51,1.451295,
28.253585,1685,4791336412032,0.338766,0.234910,20065.50,8541.48,1.442107,
28.270349,1686,4791353180032,0.339137,0.233793,20068.22,8531.62,1.450589,
28.287102,1687,4791369947256,0.338847,0.235310,20074.76,8564.97,1.440000,
28.303887,1688,4791386714888,0.338773,0.234119,20070.96,8568.04,1.447013,
28.320640,1689,4791403482704,0.339301,0.232411,20067.85,8518.07,1.459918,
28.337514,1690,4791420250496,0.338678,0.231562,20068.80,8570.39,1.462583,
28.354153,1691,4791437017720,0.339171,0.230354,20065.75,8547.93,1.472391,
28.370923,1692,4791453785440,0.339357,0.232447,20069.29,8558.32,1.459929,
28.387743,1693,4791470553168,0.338990,0.229256,20064.22,8541.98,1.478651,
28.404500,1694,4791487320592,0.338511,0.229129,20058.07,8526.48,1.477383,
28.421185,1695,4791504088736,0.339309,0.229524,20063.81,8535.45,1.478317,
28.437921,1696,4791520856424,0.338514,0.230312,20059.71,8547.45,1.469808,
28.454747,1697,4791537623888,0.339166,0.231853,20052.60,8535.98,1.462852,
28.471562,1698,4791554391888,0.338837,0.230976,20070.04,8552.83,1.466978,
28.488287,1699,4791571159056,0.339208,0.231138,20068.83,8561.64,1.467553,
28.505110,1700,4791587926664,0.338732,0.231637,20068.12,8550.44,1.462342,85
28.521846,1701,4791604695168,0.338824,0.231702,20067.13,8537.34,1.462329,
28.538650,1702,4791621462240,0.339332,0.233046,20069.46,8545.56,1.456073,
28.555496,1703,4791638230200,0.338697,0.234038,20065.67,8550.51,1.447187,
28.572091,1704,4791654997408,0.338583,0.231879,20062.23,8579.32,1.460175,
28.588920,1705,4791671765296,0.338966,0.235911,20072.33,8586.01,1.436841,
28.605619,1706,4791688533144,0.338934,0.231409,20053.87,8567.10,1.464653,
28.622429,1707,4791705300200,0.338474,0.231394,20065.13,8605.29,1.462762,
28.639265,1708,4791722068736,0.338858,0.229707,20074.85,8544.94,1.475175,
28.655938,1709,4791738836184,0.339358,0.230172,20079.59,8572.35,1.474366,
28.672752,1710,4791755603648,0.338586,0.231024,20067.87,8555.28,1.465592,
28.689479,1711,4791772371312,0.339219,0.229013,20067.05,8564.98,1.481220,
28.706299,1712,4791789139088,0.339034,0.230809,20065.62,8595.25,1.468894,
28.723010,1713,4791805906552,0.338806,0.232727,20061.88,8628.19,1.455811,
28.739754,1714,4791822674056,0.339175,0.230001,20062.33,8602.84,1.474664,
28.756547,1715,4791839441624,0.338833,0.230979,20070.91,8591.57,1.466944,
28.773360,1716,4791856209312,0.339088,0.229730,20069.02,8618.14,1.476025,
28.790128,1717,4791872977568,0.338885,0.229376,20069.54,8568.14,1.477417,
28.806844,1718,4791889745144,0.339027,0.229838,20058.61,8567.55,1.475070,
28.823642,1719,4791906512272,0.338895,0.231237,20056.19,8575.54,1.465574,
28.840408,1720,4791923280056,0.339192,0.236319,20075.78,8580.09,1.435313,86
28.857182,1721,4791940047976,0.338860,0.231588,20072.05,8559.22,1.463203,
28.874006,1722,4791956815568,0.339509,0.232985,20065.52,8612.92,1.457216,
28.890729,1723,4791973583384,0.339108,0.230164,20072.25,8632.06,1.473333,
28.907504,1724,4791990350832,0.339254,0.233271,20063.93,8622.79,1.454332,
28.924259,1725,4792007118680,0.339155,0.231618,20058.48,8640.35,1.464288,
28.941029,1726,4792023886016,0.339009,0.229555,20062.59,8648.46,1.476808,
28.957768,1727,4792040654240,0.338987,0.231647,20072.48,8605.11,1.463381,
28.974699,1728,4792057421216,0.338951,0.231184,20065.57,8544.26,1.466149,
28.991371,1729,4792074189072,0.339549,0.232351,20068.41,8526.21,1.461361,
29.008145,1730,4792090956480,0.338863,0.232006,20071.60,8533.38,1.460581,
29.024816,1731,4792107724240,0.338794,0.234619,20062.42,8570.55,1.444021,
29.041578,1732,4792124492536,0.338640,0.232335,20064.76,8523.27,1.457550,
29.058396,1733,4792141259424,0.338743,0.230860,20066.20,8540.37,1.467308,
29.075209,1734,4792158027960,0.339230,0.232333,20065.30,8540.91,1.460099,
29.091998,1735,4792174795112,0.338866,0.230084,20074.02,8536.42,1.472794,
29.108763,1736,4792191562976,0.338942,0.229296,20072.40,8555.15,1.478186,
29.125531,1737,4792208330184,0.338820,0.230714,20063.42,8546.51,1.468572,
29.142314,1738,4792225098088,0.338487,0.226991,20062.46,8568.41,1.491193,
29.159045,1739,4792241866144,0.338798,0.233290,20061.22,8590.38,1.452260,
29.175805,1740,4792258633016,0.338566,0.236047,20078.48,8632.50,1.434318,87
29.192569,1741,4792275401000,0.338677,0.231894,20066.59,8571.03,1.460485,
29.209369,1742,4792292168480,0.338753,0.235404,20066.23,8593.66,1.439027,
29.226124,1743,4792308936272,0.338676,0.233380,20075.72,8529.15,1.451175,
29.242862,1744,4792325704032,0.339040,0.231517,20075.38,8531.33,1.464429,
29.259605,1745,4792342471720,0.338882,0.232525,20067.31,8567.62,1.457402,
29.276489,1746,4792359239328,0.338514,0.233549,20069.44,8585.36,1.449439,
29.293182,1747,4792376007184,0.338532,0.230900,20069.57,8571.70,1.466140,
29.309966,1748,4792392775032,0.338843,0.234440,20063.04,8601.29,1.445328,
29.326692,1749,4792409541904,0.339052,0.233987,20062.56,8592.42,1.449021,
29.343492,1750,4792426309592,0.338786,0.233488,20066.47,8569.88,1.450981,
29.360306,1751,4792443077624,0.338951,0.235365,20067.60,8560.24,1.440108,
29.377092,1752,4792459844848,0.339145,0.232945,20067.93,8519.94,1.455902,
29.393797,1753,4792476612568,0.339300,0.230543,20068.46,8559.33,1.471741,
29.410524,1754,4792493380552,0.339050,0.232916,20070.80,8544.76,1.455678,
29.427335,1755,4792510148736,0.338817,0.230258,20072.44,8560.96,1.471468,
29.444077,1756,4792526916440,0.339337,0.233974,20066.82,8603.20,1.450321,
29.460884,1757,4792543683720,0.339157,0.235525,20066.26,8586.99,1.440004,
29.477687,1758,4792560451072,0.339553,0.234134,20071.09,8593.15,1.450255,
29.494447,1759,4792577218664,0.339346,0.235713,20073.91,8597.12,1.439655,
29.511069,1760,4792593986592,0.339236,0.233832,20058.16,8580.58,1.450772,88
29.527945,1761,4792610754424,0.338906,0.232348,20065.58,8605.35,1.458615,
29.544701,1762,4792627522088,0.338972,0.234533,20067.49,8587.73,1.445304,
29.561436,1763,4792644290032,0.338887,0.235064,20063.35,8552.75,1.441677,
29.578201,1764,4792661057032,0.339379,0.231576,20065.52,8583.17,1.465518,
29.595006,1765,4792677825016,0.338957,0.234993,20060.33,8599.06,1.442414,
29.611729,1766,4792694592568,0.339188,0.233801,20050.55,8571.93,1.450754,
29.628545,1767,4792711360240,0.339304,0.233190,20055.63,8626.43,1.455053,
29.645260,1768,4792728127608,0.339297,0.230975,20065.41,8629.57,1.468976,
29.662005,1769,4792744895776,0.338767,0.238278,20064.53,8637.73,1.421730,
29.678857,1770,4792761663056,0.339069,0.237312,20057.56,8588.95,1.428788,
29.695552,1771,4792778430552,0.338841,0.237499,20056.32,8596.04,1.426709,
29.712398,1772,4792795198520,0.339061,0.235119,20054.57,8616.47,1.442082,
29.729159,1773,4792811966144,0.338512,0.234093,20053.75,8598.09,1.446058,
29.745900,1774,4792828734056,0.339187,0.236352,20056.13,8585.72,1.435089,
29.762710,1775,4792845501144,0.339344,0.232706,20062.08,8574.66,1.458250,
29.779408,1776,4792862269088,0.339166,0.234377,20060.45,8559.33,1.447098,
29.796189,1777,4792879037088,0.339145,0.232161,20050.11,8568.81,1.460817,
29.812949,1778,4792895804072,0.339014,0.233178,20050.29,8576.35,1.453885,
29.829766,1779,4792912572056,0.339162,0.233703,20056.48,8594.42,1.451250,
29.846494,1780,4792929339792,0.338858,0.232696,20059.86,8616.44,1.456223,89
29.863272,1781,4792946107056,0.338677,0.236190,20047.50,8573.65,1.433918,
29.879981,1782,4792962875056,0.338863,0.236328,20053.74,8598.30,1.433869,
29.896694,1783,4792979642312,0.338964,0.238348,20060.34,8638.88,1.422138,
29.913511,1784,4792996410032,0.338850,0.237082,20058.94,8599.72,1.429252,
29.930299,1785,4793013177720,0.338774,0.236597,20060.13,8619.22,1.431863,
29.947043,1786,4793029946144,0.338930,0.236963,20058.52,8632.75,1.430308,
29.964414,1787,4793046713240,0.338679,0.236724,20059.41,8660.29,1.430693,
29.981321,1788,4793063480920,0.338835,0.232867,20055.28,8652.27,1.455056,
29.997696,1789,4793080249200,0.338641,0.231620,20057.09,8662.34,1.462053,
30.014136,1790,4793097016552,0.338514,0.232022,20059.96,8651.05,1.458975,
30.030892,1791,4793113783736,0.338529,0.233099,20052.59,8686.00,1.452297,
30.047740,1792,4793130551816,0.338594,0.233756,20054.10,8645.54,1.448492,
30.064454,1793,4793147319720,0.338571,0.230568,20054.53,8659.72,1.468424,
30.081273,1794,4793164087032,0.338614,0.229686,20057.75,8646.18,1.474248,
30.098035,1795,4793180854240,0.337947,0.233623,20047.53,8638.40,1.446554,
30.114863,1796,4793197622496,0.339065,0.234876,20039.64,8616.12,1.443592,
30.131490,1797,4793214389624,0.339158,0.230351,20048.47,8578.94,1.472348,
30.148247,1798,4793231157960,0.339152,0.232576,20053.48,8652.67,1.458243,
30.165040,1799,4793247925464,0.339279,0.234105,20055.51,8681.25,1.449259,
30.181780,1800,4793264693056,0.338630,0.234997,20045.02,8685.77,1.440997,90
30.198559,1801,4793281460216,0.338902,0.230806,20051.86,8637.73,1.468344,
30.215309,1802,4793298228072,0.338897,0.229967,20051.28,8601.57,1.473677,
30.232101,1803,4793314996216,0.338789,0.228786,20054.94,8636.68,1.480814,
30.248832,1804,4793331763296,0.338841,0.230273,20052.28,8649.86,1.471475,
30.265724,1805,4793348531480,0.339048,0.232134,20056.66,8609.54,1.460570,
30.282393,1806,4793365298552,0.338404,0.231883,20047.92,8609.23,1.459373,
30.299197,1807,4793382066200,0.338807,0.231181,20045.48,8633.08,1.465553,
30.315973,1808,4793398834032,0.339043,0.234216,20047.10,8621.25,1.447565,
30.332797,1809,4793415601792,0.338815,0.231757,20053.00,8584.26,1.461939,
30.349442,1810,4793432369960,0.338943,0.229353,20045.31,8586.81,1.477820,
30.366238,1811,4793449137760,0.338502,0.227739,20039.56,8629.80,1.486360,
30.383002,1812,4793465905088,0.339036,0.228543,20049.40,8612.83,1.483463,
30.399775,1813,4793482672568,0.338781,0.229665,20051.74,8628.22,1.475109,
30.416608,1814,4793499439920,0.338980,0.229570,20053.90,8619.03,1.476583,
30.433344,1815,4793516207736,0.338607,0.227879,20047.80,8656.54,1.485908,
30.450099,1816,4793532975568,0.338913,0.228846,20047.46,8647.72,1.480968,
30.466893,1817,4793549743240,0.339094,0.224472,20042.56,8643.97,1.510631,
30.483699,1818,4793566510944,0.338597,0.227254,20048.75,8617.17,1.489946,
30.500433,1819,4793583278680,0.338904,0.225466,20042.57,8593.60,1.503126,
30.517188,1820,4793600045944,0.338846,0.226408,20050.64,8564.57,1.496614,91
30.533916,1821,4793616814056,0.339177,0.229694,20041.25,8607.09,1.476649,
30.550723,1822,4793633581944,0.339130,0.229927,20045.42,8656.03,1.474943,
30.567455,1823,4793650349112,0.338979,0.229162,20048.78,8699.01,1.479209,
30.584221,1824,4793667116536,0.339084,0.228587,20048.56,8675.65,1.483389,
30.601018,1825,4793683884072,0.339275,0.232114,20047.05,8657.50,1.461673,
30.617948,1826,4793700651976,0.339118,0.231031,20047.76,8694.11,1.467846,
30.634850,1827,4793717420032,0.339214,0.230859,20049.71,8668.88,1.469357,
30.651421,1828,4793734187648,0.339178,0.228840,20049.62,8657.40,1.482160,
30.668202,1829,4793750955000,0.339038,0.229297,20047.90,8658.80,1.478600,
30.684869,1830,4793767723144,0.339225,0.233143,20044.78,8643.57,1.455010,
30.701790,1831,4793784490216,0.339124,0.229545,20049.60,8593.78,1.477374,
30.718479,1832,4793801258608,0.339207,0.229881,20050.72,8673.98,1.475574,
30.735133,1833,4793818025592,0.338635,0.235661,20050.75,8661.09,1.436956,
30.751898,1834,4793834793536,0.339552,0.236221,20047.55,8612.22,1.437433,
30.768659,1835,4793851560736,0.339084,0.229778,20056.19,8653.95,1.475699,
30.785441,1836,4793868328720,0.339144,0.232608,20055.97,8649.16,1.458011,
30.802315,1837,4793885096440,0.339388,0.234318,20057.95,8653.54,1.448408,
30.819041,1838,4793901864568,0.339376,0.235017,20054.32,8676.61,1.444044,
30.835782,1839,4793918632216,0.339808,0.236373,20066.49,8645.38,1.437590,
30.852588,1840,4793935399592,0.339942,0.232940,20058.83,8631.83,1.459357,92
30.869273,1841,4793952166664,0.339398,0.232299,20058.89,8651.96,1.461042,
30.886104,1842,4793968935088,0.338944,0.232789,20056.57,8719.80,1.456013,
30.902888,1843,4793985702168,0.339525,0.230229,20067.46,8719.96,1.474730,
30.919709,1844,4794002470088,0.339855,0.228092,20065.16,8661.70,1.489992,
30.936514,1845,4794019238200,0.339835,0.230458,20068.54,8698.30,1.474607,
30.953168,1846,4794036005424,0.339944,0.234215,20058.12,8746.21,1.451422,
30.969943,1847,4794052772624,0.340092,0.233031,20059.93,8760.00,1.459425,
30.986748,1848,4794069540592,0.339633,0.232892,20062.82,8779.08,1.458330,
31.003464,1849,4794086308112,0.339784,0.230904,20063.94,8752.47,1.471540,
31.020270,1850,4794103075592,0.340044,0.229149,20063.40,8718.85,1.483944,
31.037027,1851,4794119844168,0.339440,0.226716,20067.33,8713.04,1.497202,
31.053777,1852,4794136611352,0.339802,0.228601,20073.47,8719.65,1.486438,
31.070500,1853,4794153379256,0.339862,0.228757,20069.88,8684.95,1.485693,
31.087332,1854,4794170146832,0.340306,0.231965,20067.76,8634.52,1.467058,
31.104073,1855,4794186914736,0.339732,0.231734,20070.14,8656.01,1.466044,
31.120854,1856,4794203682072,0.339748,0.232121,20073.79,8682.89,1.463666,
31.137599,1857,4794220449960,0.340104,0.234243,20068.48,8676.10,1.451928,
31.154376,1858,4794237216832,0.339578,0.233742,20072.32,8682.44,1.452787,
31.171120,1859,4794253985200,0.339479,0.236308,20076.07,8660.09,1.436597,
31.187868,1860,4794270753056,0.339898,0.235717,20070.99,8699.38,1.441978,93
31.204669,1861,4794287520680,0.339664,0.233371,20074.91,8684.35,1.455468,
31.221480,1862,4794304287904,0.340119,0.237189,20076.12,8659.46,1.433958,
31.238175,1863,4794321055792,0.340094,0.234115,20078.39,8654.06,1.452679,
31.255024,1864,4794337823016,0.340313,0.236561,20072.15,8687.14,1.438584,
31.271804,1865,4794354590736,0.339861,0.235873,20074.11,8639.09,1.440868,
31.288487,1866,4794371358960,0.339853,0.236646,20079.34,8620.68,1.436126,
31.305255,1867,4794388126240,0.339776,0.235454,20073.59,8659.32,1.443067,
31.322044,1868,4794404894016,0.340217,0.234692,20078.00,8634.23,1.449629,
31.338778,1869,4794421661704,0.340167,0.230737,20073.02,8608.73,1.474265,
31.355679,1870,4794438428976,0.340480,0.232811,20077.99,8638.43,1.462476,
31.372380,1871,4794455196680,0.339858,0.234917,20077.30,8625.94,1.446720,
31.389089,1872,4794471964112,0.340230,0.234239,20077.52,8622.14,1.452491,
31.405851,1873,4794488732216,0.340644,0.231410,20075.22,8624.22,1.472040,
31.422587,1874,4794505500072,0.340500,0.231038,20078.57,8614.64,1.473786,
31.439407,1875,4794522268016,0.340494,0.228987,20083.27,8602.45,1.486955,
31.456232,1876,4794539035552,0.340436,0.227633,20080.02,8626.18,1.495551,
31.472950,1877,4794555803184,0.340403,0.229595,20078.09,8630.33,1.482624,
31.489823,1878,4794572570536,0.340590,0.231358,20079.90,8628.03,1.472136,
31.506526,1879,4794589337720,0.340185,0.230926,20078.68,8613.53,1.473135,
31.523316,1880,4794606106088,0.340431,0.231798,20074.62,8638.18,1.468655,94
31.540001,1881,4794622873792,0.340058,0.230797,20086.80,8636.54,1.473408,
31.556756,1882,4794639641032,0.340324,0.231825,20086.14,8656.56,1.468022,
31.573676,1883,4794656408440,0.340176,0.233213,20079.72,8610.73,1.458652,
31.590399,1884,4794673176520,0.340360,0.230401,20072.56,8638.71,1.477252,
31.607153,1885,4794689944328,0.340524,0.234176,20081.47,8605.09,1.454138,
31.623956,1886,4794706712072,0.340169,0.235293,20082.75,8631.56,1.445729,
31.640705,1887,4794723478976,0.340024,0.232903,20081.80,8608.26,1.459938,
31.657406,1888,4794740247168,0.339951,0.237186,20092.89,8693.75,1.433267,
31.674205,1889,4794757015168,0.340441,0.233842,20086.12,8612.94,1.455861,
31.690929,1890,4794773782464,0.340254,0.234705,20093.40,8614.78,1.449710,
31.707809,1891,4794790549680,0.340061,0.237073,20087.36,8669.72,1.434413,
31.724462,1892,4794807317792,0.340142,0.235947,20084.95,8621.64,1.441608,
31.741171,1893,4794824085184,0.339869,0.235436,20090.94,8601.20,1.443570,
31.758076,1894,4794840853088,0.340236,0.237132,20084.34,8598.09,1.434798,
31.774818,1895,4794857621000,0.340426,0.236449,20084.28,8622.01,1.439743,
31.791530,1896,4794874388888,0.339950,0.235981,20084.74,8612.66,1.440582,
31.808397,1897,4794891156256,0.340209,0.235146,20085.77,8632.50,1.446799,
31.825199,1898,4794907923552,0.339753,0.230676,20087.01,8599.61,1.472855,
31.841858,1899,4794924691272,0.340320,0.233322,20090.34,8616.88,1.458582,
31.858632,1900,4794941459424,0.339926,0.236193,20091.90,8636.70,1.439186,95
31.875413,1901,4794958226816,0.340018,0.235319,20090.65,8662.62,1.444926,
31.892110,1902,4794974994480,0.340361,0.240034,20091.69,8716.44,1.417968,
31.908910,1903,4794991761624,0.340092,0.235210,20089.05,8656.81,1.445907,
31.925675,1904,4795008530072,0.340310,0.235357,20091.46,8621.58,1.445928,
31.942547,1905,4795025297240,0.339825,0.237312,20089.37,8670.82,1.431979,
31.959327,1906,4795042064776,0.340070,0.236064,20078.12,8644.01,1.440580,
31.976068,1907,4795058833144,0.340441,0.233706,20095.99,8652.66,1.456703,
31.993034,1908,4795075600536,0.340090,0.232929,20086.19,8664.80,1.460059,
32.009562,1909,4795092367680,0.339805,0.229709,20087.97,8613.86,1.479284,
32.026292,1910,4795109135736,0.339623,0.228055,20088.77,8618.59,1.489219,
32.043156,1911,4795125903144,0.339687,0.230552,20097.53,8621.95,1.473364,
32.059910,1912,4795142671056,0.340319,0.229477,20089.71,8642.84,1.483020,
32.076626,1913,4795159438736,0.339503,0.227716,20084.60,8574.74,1.490903,
32.093374,1914,4795176206088,0.339813,0.226785,20095.04,8571.77,1.498393,
32.110126,1915,4795192974184,0.339847,0.228577,20084.53,8572.78,1.486794,
32.126912,1916,4795209741608,0.339540,0.228798,20087.99,8549.67,1.484017,
32.143656,1917,4795226508920,0.339748,0.225905,20084.33,8543.48,1.503945,
32.160383,1918,4795243276536,0.340083,0.227895,20090.08,8577.09,1.492280,
32.177294,1919,4795260044888,0.340243,0.232591,20085.59,8599.13,1.462837,
32.194066,1920,4795276811944,0.339570,0.229216,20084.40,8619.16,1.481439,96
32.210725,1921,4795293580200,0.339708,0.230715,20091.53,8641.48,1.472414,
32.227504,1922,4795310347088,0.339666,0.232565,20086.19,8650.98,1.460524,
32.244242,1923,4795327115088,0.340201,0.231634,20095.27,8659.03,1.468702,
32.261013,1924,4795343883072,0.340059,0.231711,20096.52,8600.36,1.467601,
32.277870,1925,4795360650704,0.339908,0.232274,20092.75,8635.81,1.463389,
32.294595,1926,4795377418536,0.339648,0.229637,20088.33,8652.04,1.479064,
32.311336,1927,4795394185816,0.339633,0.235167,20084.22,8646.30,1.444220,
32.328164,1928,4795410953144,0.339597,0.231449,20092.67,8636.45,1.467268,
32.344873,1929,4795427721648,0.339611,0.231442,20086.92,8624.13,1.467369,
32.361640,1930,4795444488848,0.340575,0.229003,20039.20,8594.09,1.487204,
32.378470,1931,4795461256736,0.340286,0.231451,20027.87,8592.99,1.470228,
32.395168,1932,4795478024056,0.340063,0.233487,20077.34,8639.67,1.456456,
32.411944,1933,4795494792216,0.339456,0.232535,20076.10,8653.59,1.459806,
32.428674,1934,4795511559016,0.340144,0.232074,20077.79,8661.22,1.465672,
32.445483,1935,4795528326720,0.340068,0.235780,20080.76,8654.81,1.442309,
32.462298,1936,4795545094704,0.340268,0.232500,20087.55,8652.48,1.463517,
32.478998,1937,4795561862920,0.340409,0.232957,20075.43,8690.44,1.461252,
32.495839,1938,4795578629944,0.339749,0.229475,20079.34,8671.05,1.480545,
32.512630,1939,4795595398200,0.339787,0.232922,20084.26,8693.68,1.458801,
32.529342,1940,4795612165464,0.340250,0.228900,20086.50,8662.63,1.486456,97
32.546116,1941,4795628933016,0.340387,0.229638,20081.27,8629.20,1.482276,
32.562863,1942,4795645701056,0.339895,0.232223,20077.03,8644.84,1.463656,
32.579553,1943,4795662468704,0.339465,0.230048,20090.70,8646.09,1.475624,
32.596461,1944,4795679236056,0.339859,0.233101,20078.74,8638.14,1.457986,
32.613212,1945,4795696004144,0.340405,0.232230,20074.21,8627.28,1.465812,
32.629918,1946,4795712771496,0.340045,0.230452,20085.21,8639.78,1.475555,
32.646749,1947,4795729539240,0.339910,0.231524,20091.60,8653.70,1.468141,
32.663516,1948,4795746306424,0.339920,0.229340,20081.86,8658.45,1.482166,
32.680310,1949,4795763074736,0.340382,0.235434,20084.76,8663.91,1.445766,
32.697020,1950,4795779841976,0.339819,0.234527,20082.61,8621.31,1.448954,
32.713798,1951,4795796609272,0.339749,0.234495,20076.10,8600.75,1.448853,
32.730601,1952,4795813377032,0.339742,0.235733,20086.00,8590.50,1.441213,
32.747277,1953,4795830144664,0.340268,0.233893,20090.50,8596.11,1.454801,
32.764037,1954,4795846913088,0.340489,0.236232,20081.04,8628.47,1.441336,
32.780799,1955,4795863680648,0.339903,0.234347,20077.13,8630.49,1.450426,
32.797605,1956,4795880448072,0.339712,0.234924,20074.04,8608.65,1.446054,
32.814375,1957,4795897215240,0.340150,0.232117,20082.80,8595.02,1.465423,
32.831116,1958,4795913983240,0.339971,0.231661,20074.98,8607.29,1.467539,
32.847944,1959,4795930750704,0.339453,0.231267,20077.69,8597.06,1.467794,
32.864652,1960,4795947519072,0.340034,0.229020,20077.59,8554.34,1.484733,98
32.881411,1961,4795964286184,0.339880,0.229312,20072.60,8559.39,1.482174,
32.898221,1962,4795981053512,0.339664,0.231018,20073.15,8541.14,1.470296,
32.914946,1963,4795997821256,0.340164,0.232114,20079.94,8570.17,1.465506,
32.931774,1964,4796014589720,0.339725,0.233416,20079.30,8601.02,1.455452,
32.948565,1965,4796031356704,0.339774,0.231644,20074.63,8599.77,1.466796,
32.965310,1966,4796048124440,0.340163,0.232450,20086.85,8580.44,1.463381,
32.982064,1967,4796064892072,0.340041,0.234796,20092.44,8600.68,1.448236,
32.998897,1968,4796081660032,0.339752,0.232240,20077.00,8573.84,1.462932,
33.015563,1969,4796098427816,0.339957,0.232927,20073.77,8558.84,1.459504,
33.032348,1970,4796115195536,0.339755,0.228589,20075.40,8563.49,1.486314,
33.049111,1971,4796131962664,0.339378,0.230619,20069.54,8565.64,1.471594,
33.065860,1972,4796148730920,0.339910,0.230749,20075.89,8574.46,1.473075,
33.082602,1973,4796165498200,0.340530,0.231023,20085.04,8586.98,1.474013,
33.099384,1974,4796182265920,0.340147,0.230581,20091.13,8622.28,1.475177,
33.116222,1975,4796199033168,0.340104,0.233285,20080.87,8673.04,1.457889,
33.132985,1976,4796215801496,0.339537,0.232222,20071.42,8643.42,1.462124,
33.149752,1977,4796232569216,0.339606,0.230894,20066.44,8637.63,1.470833,
33.166467,1978,4796249336200,0.339496,0.233137,20080.90,8640.04,1.456209,
33.183204,1979,4796266104408,0.339412,0.231238,20073.74,8647.54,1.467800,
33.200126,1980,4796282871776,0.340263,0.230954,20067.37,8623.92,1.473292,99
33.216787,1981,4796299639168,0.339746,0.231008,20074.07,8624.52,1.470715,
33.233573,1982,4796316407056,0.339872,0.229474,20071.80,8646.44,1.481094,
33.250290,1983,4796333174440,0.339615,0.226301,20072.93,8608.42,1.500720,
33.267141,1984,4796349942056,0.339767,0.230140,20072.82,8622.94,1.476345,
33.283877,1985,4796366710016,0.339636,0.229517,20080.07,8605.97,1.479786,
33.300665,1986,4796383477664,0.340036,0.230940,20075.33,8667.65,1.472399,
33.317387,1987,4796400245408,0.339840,0.228338,20081.71,8640.86,1.488318,
33.334168,1988,4796417013000,0.339662,0.230928,20078.08,8638.07,1.470860,
33.350926,1989,4796433780736,0.339587,0.228754,20076.12,8612.97,1.484508,
33.367718,1990,4796450548384,0.340018,0.230273,20082.20,8605.56,1.476586,
33.384463,1991,4796467316256,0.340025,0.232767,20086.21,8597.47,1.460792,
33.401308,1992,4796484083920,0.339465,0.232086,20085.65,8608.40,1.462670,
33.417991,1993,4796500851216,0.339774,0.232197,20077.38,8624.76,1.463299,
33.434796,1994,4796517618848,0.339654,0.232787,20081.56,8673.36,1.459074,
33.451560,1995,4796534386240,0.339788,0.230136,20078.43,8659.42,1.476471,
33.468321,1996,4796551154832,0.339607,0.228421,20078.79,8605.43,1.486760,
33.485090,1997,4796567922088,0.339633,0.232067,20085.52,8648.09,1.463512,
33.501911,1998,4796584690112,0.339942,0.228345,20079.90,8691.72,1.488719,
33.518673,1999,4796601457200,0.339790,0.229492,20081.72,8662.54,1.480615,
33.535357,2000,4796618224976,0.339324,0.226403,20079.81,8662.36,1.498763,100
33.552186,2001,4796634992328,0.339322,0.230133,20080.90,8689.98,1.474464,
33.569004,2002,4796651760072,0.339677,0.227692,20078.69,8661.95,1.491825,
33.585756,2003,4796668528000,0.339463,0.231130,20077.19,8631.45,1.468712,
33.602526,2004,4796685296072,0.339718,0.231128,20087.88,8675.39,1.469828,
33.619254,2005,4796702063704,0.339272,0.229201,20082.75,8656.07,1.480240,
33.636037,2006,4796718830920,0.340264,0.228895,20031.13,8576.33,1.486549,
33.652778,2007,4796735599144,0.340361,0.229988,20026.91,8541.37,1.479906,
33.669717,2008,4796752366736,0.340499,0.230927,20026.11,8562.82,1.474487,
33.686342,2009,4796769134016,0.340973,0.229980,20022.66,8568.22,1.482620,
33.703107,2010,4796785902072,0.340609,0.232546,20014.74,8606.89,1.464695,
33.719880,2011,4796802669088,0.340018,0.235106,20021.97,8618.77,1.446232,
33.736662,2012,4796819437016,0.339842,0.231762,20023.70,8560.08,1.466340,
33.753416,2013,4796836205016,0.340483,0.233736,20018.09,8609.91,1.456702,
33.770133,2014,4796852971904,0.340066,0.233631,20018.23,8634.05,1.455569,
33.786890,2015,4796869740216,0.340260,0.233282,20020.04,8593.11,1.458575,
33.803697,2016,4796886507408,0.339950,0.230361,20015.82,8567.37,1.475731,
33.820457,2017,4796903274832,0.340334,0.231089,20013.50,8609.54,1.472741,
33.837199,2018,4796920043016,0.340314,0.233208,20015.83,8603.97,1.459273,
33.853921,2019,4796936810184,0.340221,0.232827,20021.10,8607.32,1.461257,
33.870724,2020,4796953578240,0.341069,0.232473,20011.54,8623.12,1.467133,101
33.887477,2021,4796970345944,0.340292,0.230383,20016.67,8626.19,1.477071,
33.904243,2022,4796987113256,0.340161,0.227027,20017.34,8627.21,1.498328,
33.921094,2023,4797003880976,0.339363,0.228203,20025.11,8607.47,1.487112,
33.937920,2024,4797020649072,0.339768,0.230573,20018.77,8625.16,1.473582,
33.954648,2025,4797037416680,0.340115,0.232158,20011.01,8606.36,1.465019,
33.971377,2026,4797054184256,0.339901,0.231405,20019.06,8627.02,1.468856,
33.988133,2027,4797070952240,0.340297,0.231182,20010.70,8591.62,1.471987,
34.004933,2028,4797087719960,0.340158,0.229265,20007.63,8576.41,1.483689,
34.021638,2029,4797104486720,0.340063,0.232660,20008.81,8590.24,1.461634,
34.038449,2030,4797121254944,0.340419,0.231712,20013.66,8622.99,1.469150,
34.055192,2031,4797138022960,0.340063,0.227352,20014.37,8564.84,1.495754,
34.071975,2032,4797154789976,0.340350,0.227777,20023.48,8595.76,1.494223,
34.088701,2033,4797171558272,0.340292,0.230413,20019.40,8562.96,1.476881,
34.105535,2034,4797188325592,0.340138,0.232574,20020.70,8529.43,1.462492,
34.122240,2035,4797205092680,0.339943,0.230750,20017.55,8537.86,1.473206,
34.139047,2036,4797221860904,0.340446,0.232470,20016.11,8556.94,1.464473,
34.155792,2037,4797238627976,0.340132,0.231451,20019.08,8564.22,1.469563,
34.172568,2038,4797255396088,0.339879,0.233932,20006.80,8575.40,1.452895,
34.189314,2039,4797272164216,0.340394,0.233876,20018.19,8565.59,1.455444,
34.206121,2040,4797288931552,0.340807,0.231394,20021.62,8538.16,1.472846,102
34.222851,2041,4797305698648,0.340036,0.228611,20014.94,8542.24,1.487401,
34.239630,2042,4797322466592,0.339788,0.231700,20011.21,8561.77,1.466500,
34.256488,2043,4797339234112,0.339909,0.238522,20004.11,8599.69,1.425063,
34.273248,2044,4797356002328,0.340459,0.236788,20010.47,8574.27,1.437825,
34.290116,2045,4797372770112,0.339504,0.233878,20010.43,8582.59,1.451628,
34.306817,2046,4797389536976,0.340048,0.233932,20022.58,8556.38,1.453618,
34.323670,2047,4797406304648,0.340155,0.229997,20014.75,8594.14,1.478951,
34.340357,2048,4797423073112,0.339917,0.232417,20021.43,8608.72,1.462531,
34.357047,2049,4797439840112,0.339658,0.235175,20022.37,8600.49,1.444276,
34.373733,2050,4797456607680,0.339725,0.230752,20020.52,8620.42,1.472252,
34.390511,2051,4797473375736,0.340292,0.234838,20013.82,8585.75,1.449054,
34.407276,2052,4797490143056,0.339783,0.232288,20023.63,8571.58,1.462765,
34.424073,2053,4797506911216,0.339826,0.231397,20016.24,8566.63,1.468588,
34.440944,2054,4797523679072,0.340246,0.234100,20018.92,8546.27,1.453425,
34.457654,2055,4797540446736,0.340116,0.235428,20013.49,8577.65,1.444673,
34.474427,2056,4797557214088,0.339690,0.236529,20021.05,8544.28,1.436143,
34.491214,2057,4797573981736,0.340006,0.231198,20014.45,8523.66,1.470629,
34.507980,2058,4797590749440,0.340224,0.233100,20026.23,8482.46,1.459566,
34.524762,2059,4797607516736,0.340394,0.231979,20026.07,8530.84,1.467350,
34.541457,2060,4797624284592,0.339176,0.227223,20070.05,8561.64,1.492699,103
34.558286,2061,4797641052624,0.338968,0.224635,20070.30,8551.90,1.508972,
34.575029,2062,4797657819592,0.339126,0.230552,20073.53,8575.99,1.470932,
34.591758,2063,4797674587216,0.339146,0.229406,20068.28,8597.61,1.478364,
34.608609,2064,4797691355552,0.339003,0.231371,20076.20,8540.80,1.465192,
34.625389,2065,4797708122704,0.338865,0.227270,20087.85,8569.98,1.491026,
34.642138,2066,4797724890904,0.338412,0.227310,20081.63,8604.53,1.488770,
34.658869,2067,4797741658216,0.338801,0.227342,20085.31,8556.77,1.490267,
34.675669,2068,4797758426184,0.339285,0.229985,20079.81,8613.41,1.475248,
34.692401,2069,4797775193664,0.339443,0.228866,20086.06,8574.16,1.483155,
34.709175,2070,4797791961032,0.339379,0.228001,20082.14,8605.43,1.488496,
34.725910,2071,4797808729200,0.338794,0.231004,20085.81,8662.98,1.466620,
34.742762,2072,4797825496464,0.338733,0.229037,20082.86,8627.44,1.478943,
34.759563,2073,4797842264144,0.338526,0.228530,20087.72,8620.61,1.481318,
34.776302,2074,4797859032056,0.339199,0.233811,20088.00,8611.85,1.450738,
34.793011,2075,4797875799088,0.339447,0.228836,20086.02,8617.79,1.483366,
34.809785,2076,4797892567552,0.339643,0.230274,20092.11,8640.17,1.474949,
34.826502,2077,4797909335072,0.338957,0.225214,20091.90,8641.54,1.505046,
34.843365,2078,4797926102328,0.339073,0.227101,20090.79,8641.17,1.493050,
34.860041,2079,4797942869736,0.338268,0.226023,20090.29,8638.84,1.496606,
34.876791,2080,4797959637776,0.338951,0.228757,20088.32,8600.26,1.481707,104
34.893622,2081,4797976405592,0.338465,0.229515,20084.34,8637.52,1.474696,
34.910377,2082,4797993173056,0.339641,0.229293,20097.58,8651.35,1.481253,
34.927116,2083,4798009940976,0.339763,0.227951,20094.63,8664.19,1.490506,
34.943945,2084,4798026708680,0.339184,0.226892,20082.91,8622.80,1.494913,
34.960730,2085,4798043476216,0.338960,0.226734,20081.45,8619.89,1.494969,
34.977462,2086,4798060244000,0.339043,0.227945,20086.89,8633.22,1.487389,
34.994158,2087,4798077011832,0.339315,0.227868,20092.12,8655.78,1.489085,
35.011008,2088,4798093778736,0.339116,0.233461,20090.63,8700.66,1.452556,
35.027795,2089,4798110546704,0.339857,0.229408,20089.43,8702.66,1.481454,
35.044542,2090,4798127314088,0.339978,0.230783,20090.16,8667.94,1.473149,
35.061331,2091,4798144082240,0.338887,0.233171,20090.06,8681.52,1.453381,
35.078105,2092,4798160849592,0.339282,0.233050,20092.84,8682.87,1.455837,
35.094890,2093,4798177617200,0.338961,0.232679,20090.66,8648.45,1.456775,
35.111572,2094,4798194384976,0.338690,0.230853,20089.20,8677.77,1.467120,
35.128347,2095,4798211152464,0.339284,0.232528,20087.79,8698.05,1.459113,
35.145104,2096,4798227919904,0.339333,0.232881,20087.16,8721.77,1.457112,
35.161893,2097,4798244688112,0.340100,0.232803,20092.22,8707.36,1.460893,
35.178692,2098,4798261455312,0.339561,0.231654,20095.26,8690.27,1.465811,
35.195426,2099,4798278223352,0.338935,0.235042,20094.43,8732.05,1.442018,
35.212183,2100,4798294990816,0.339171,0.230731,20084.49,8700.52,1.469988,105
35.228926,2101,4798311758424,0.339946,0.231986,20091.72,8687.85,1.465371,
35.245703,2102,4798328525904,0.340003,0.232012,20085.09,8714.11,1.465452,
35.262522,2103,4798345294496,0.339385,0.231519,20083.80,8746.05,1.465904,
35.279227,2104,4798362061512,0.339596,0.232037,20086.87,8706.25,1.463541,
35.295982,2105,4798378829624,0.339565,0.231583,20088.78,8721.22,1.466280,
35.312828,2106,4798395596536,0.339653,0.230396,20089.29,8672.24,1.474218,
35.329630,2107,4798412364736,0.339597,0.233247,20091.39,8717.54,1.455951,
35.346367,2108,4798429132568,0.339612,0.231453,20089.51,8707.44,1.467304,
35.363064,2109,4798445899480,0.339494,0.230173,20100.90,8656.46,1.474951,
35.379891,2110,4798462668072,0.339661,0.233703,20094.21,8671.36,1.453387,
35.396605,2111,4798479435240,0.339444,0.231882,20092.84,8669.43,1.463864,
35.413345,2112,4798496202496,0.339502,0.230699,20096.13,8686.66,1.471623,
35.430181,2113,4798512971000,0.339335,0.233191,20098.59,8704.02,1.455182,
35.446909,2114,4798529737848,0.339012,0.236450,20087.73,8646.34,1.433761,
35.463696,2115,4798546506240,0.339804,0.234794,20101.83,8625.80,1.447241,
35.480517,2116,4798563273440,0.339872,0.232815,20092.50,8679.11,1.459835,
35.497218,2117,4798580041016,0.339774,0.234888,20095.12,8677.93,1.446534,
35.514002,2118,4798596808720,0.339621,0.231618,20100.44,8627.03,1.466299,
35.530770,2119,4798613576216,0.340043,0.233731,20098.57,8649.89,1.454851,
35.547610,2120,4798630343944,0.339816,0.237647,20099.64,8646.95,1.429922,106
35.564359,2121,4798647112240,0.339583,0.233576,20100.04,8617.95,1.453842,
35.581121,2122,4798663879704,0.340029,0.236171,20103.56,8647.65,1.439757,
35.597849,2123,4798680647240,0.340198,0.236786,20097.12,8694.26,1.436731,
35.614585,2124,4798697414552,0.339833,0.233816,20108.32,8632.60,1.453420,
35.631428,2125,4798714182792,0.340050,0.231531,20106.39,8585.42,1.468701,
35.648248,2126,4798730949920,0.339993,0.233663,20103.68,8633.08,1.455058,
35.664893,2127,4798747717464,0.340076,0.230415,20104.37,8632.99,1.475933,
35.681749,2128,4798764485568,0.339665,0.228524,20101.27,8608.49,1.486340,
35.698420,2129,4798781252704,0.340222,0.230747,20106.85,8646.28,1.474442,
35.715269,2130,4798798020424,0.340330,0.230776,20105.81,8685.60,1.474723,
35.731959,2131,4798814788496,0.340579,0.229391,20110.95,8690.32,1.484710,
35.748754,2132,4798831556088,0.340205,0.229722,20106.16,8694.14,1.480942,
35.765540,2133,4798848324240,0.340229,0.229674,20100.95,8691.78,1.481358,
35.782288,2134,4798865091088,0.340634,0.227295,20091.45,8666.32,1.498644,
35.799060,2135,4798881859256,0.340393,0.227840,20105.84,8644.51,1.493999,
35.815798,2136,4798898627032,0.340146,0.225705,20110.66,8639.48,1.507040,
35.832553,2137,4798915394168,0.340409,0.228309,20105.35,8616.47,1.490999,
35.849393,2138,4798932162088,0.340439,0.230341,20102.52,8658.44,1.477974,
35.866129,2139,4798948930216,0.340089,0.227189,20112.65,8574.73,1.496945,
35.882863,2140,4798965697496,0.340124,0.224091,20100.80,8608.94,1.517795,107
35.899672,2141,4798982465216,0.340711,0.229017,20102.75,8609.01,1.487711,
35.916394,2142,4798999232496,0.340150,0.226372,20100.24,8646.93,1.502615,
35.933152,2143,4799016000592,0.340252,0.223151,20102.95,8615.84,1.524762,
35.950044,2144,4799032768496,0.340537,0.226341,20105.67,8646.94,1.504533,
35.966802,2145,4799049535592,0.340314,0.225669,20108.93,8614.68,1.508020,
35.983496,2146,4799066303088,0.340331,0.227279,20102.36,8660.09,1.497417,
36.000285,2147,4799083071168,0.340485,0.226722,20107.50,8633.64,1.501771,
36.016996,2148,4799099838960,0.340276,0.226885,20102.60,8673.36,1.499777,
36.033784,2149,4799116606184,0.340014,0.227940,20106.00,8608.38,1.491679,
36.050542,2150,4799133374088,0.340147,0.224567,20111.49,8596.53,1.514680,
36.067291,2151,4799150141736,0.339852,0.224976,20104.23,8615.64,1.510616,
36.084137,2152,4799166909568,0.340198,0.224340,20106.57,8619.83,1.516440,
36.100888,2153,4799183676664,0.339936,0.222461,20099.92,8640.56,1.528070,
36.117599,2154,4799200445088,0.340065,0.224001,20100.03,8625.80,1.518142,
36.134393,2155,4799217211832,0.340066,0.227128,20101.50,8607.30,1.497242,
36.151120,2156,4799233979592,0.339813,0.228839,20095.74,8617.18,1.484943,
36.167950,2157,4799250747200,0.340073,0.229920,20111.61,8615.08,1.479096,
36.184713,2158,4799267515664,0.340240,0.233368,20108.90,8622.20,1.457950,
36.201522,2159,4799284282592,0.339478,0.229163,20101.36,8651.60,1.481382,
36.218226,2160,4799301051112,0.340151,0.224046,20106.69,8640.08,1.518222,108
36.234966,2161,4799317818240,0.340146,0.226164,20099.99,8588.81,1.503979,
36.251745,2162,4799334586312,0.340067,0.224733,20094.30,8603.26,1.513205,
36.268543,2163,4799351353512,0.339965,0.226785,20094.51,8597.68,1.499063,
36.285289,2164,4799368121408,0.340225,0.223898,20107.20,8596.89,1.519555,
36.302183,2165,4799384888464,0.339496,0.229416,20107.28,8600.49,1.479825,
36.318919,2166,4799401657072,0.339861,0.228017,20107.81,8627.57,1.490507,
36.335660,2167,4799418424056,0.340349,0.226653,20104.10,8607.78,1.501627,
36.352336,2168,4799435191568,0.340700,0.224995,20111.38,8572.69,1.514252,
36.369128,2169,4799451959112,0.339849,0.224690,20103.98,8625.96,1.512521,
36.385899,2170,4799468727272,0.339661,0.224107,20097.96,8618.73,1.515619,
36.402663,2171,4799485494680,0.339989,0.223374,20107.07,8626.04,1.522064,
36.419497,2172,4799502262296,0.339385,0.221282,20111.05,8621.42,1.533721,
36.436228,2173,4799519029960,0.340272,0.224027,20101.29,8608.10,1.518885,
36.452984,2174,4799535798056,0.339975,0.223235,20095.80,8588.14,1.522947,
36.469745,2175,4799552565272,0.339902,0.222891,20094.09,8578.37,1.524968,
36.486526,2176,4799569333112,0.341240,0.222859,20040.10,8556.88,1.531192,
36.503281,2177,4799586100648,0.341063,0.222287,20037.46,8579.90,1.534334,
36.520081,2178,4799602868088,0.341274,0.222093,20043.92,8555.46,1.536621,
36.536772,2179,4799619635832,0.341383,0.226561,20047.83,8584.33,1.506806,
36.553587,2180,4799636404032,0.340644,0.227755,20041.15,8590.34,1.495662,109
36.570413,2181,4799653171832,0.341150,0.226537,20039.80,8653.15,1.505932,
36.587143,2182,4799669939072,0.341043,0.225351,20033.87,8656.65,1.513390,
36.603993,2183,4799686706720,0.340595,0.227777,20027.35,8651.71,1.495301,
36.620775,2184,4799703474016,0.340805,0.226710,20035.23,8647.87,1.503262,
36.637495,2185,4799720242256,0.341072,0.226019,20034.64,8681.64,1.509041,
36.654267,2186,4799737010000,0.341001,0.225077,20034.91,8675.99,1.515040,
36.670980,2187,4799753777200,0.340688,0.228270,20045.49,8647.46,1.492478,
36.687806,2188,4799770545328,0.341136,0.227143,20034.87,8667.30,1.501856,
36.704533,2189,4799787312624,0.340829,0.228246,20038.64,8667.85,1.493253,
36.721280,2190,4799804080480,0.340779,0.224784,20038.23,8628.49,1.516030,
36.738134,2191,4799820847960,0.341285,0.226212,20034.34,8626.68,1.508697,
36.754965,2192,4799837616056,0.340814,0.229209,20031.44,8626.11,1.486915,
36.771567,2193,4799854383200,0.341238,0.227990,20031.31,8623.10,1.496721,
36.788324,2194,4799871151296,0.340827,0.229522,20031.80,8610.49,1.484941,
36.805099,2195,4799887919184,0.340133,0.232687,20035.00,8618.07,1.461760,
36.821866,2196,4799904686592,0.340914,0.231341,20041.53,8585.27,1.473640,
36.838639,2197,4799921454296,0.340936,0.226068,20036.52,8588.91,1.508113,
36.855567,2198,4799938221512,0.341392,0.230134,20038.90,8585.52,1.483448,
36.872154,2199,4799954989568,0.340997,0.228060,20037.45,8639.64,1.495206,
36.888938,2200,4799971756976,0.341411,0.228683,20033.19,8574.88,1.492944,110
36.905710,2201,4799988524240,0.341541,0.228763,20031.18,8573.11,1.492990,
36.922455,2202,4800005292352,0.341399,0.228720,20029.58,8556.87,1.492651,
36.939333,2203,4800022059664,0.341164,0.228028,20022.35,8552.09,1.496150,
36.956069,2204,4800038827944,0.340434,0.226402,20034.76,8557.09,1.503670,
36.972814,2205,4800055595680,0.340389,0.230070,20038.29,8590.78,1.479500,
36.989573,2206,4800072363088,0.340989,0.229304,20039.40,8576.92,1.487058,
37.006349,2207,4800089130736,0.341174,0.228531,20025.34,8578.73,1.492900,
37.023081,2208,4800105898536,0.341359,0.230987,20024.27,8552.42,1.477831,
37.039874,2209,4800122665792,0.341208,0.235549,20027.17,8600.13,1.448562,
37.056614,2210,4800139434072,0.341050,0.233923,20026.74,8540.52,1.457959,
37.073497,2211,4800156201184,0.340790,0.234229,20026.41,8571.76,1.454945,
37.090224,2212,4800172969016,0.340553,0.237426,20029.18,8538.69,1.434355,
37.106963,2213,4800189736776,0.340431,0.236160,20037.49,8562.20,1.441529,
37.123692,2214,4800206504536,0.341128,0.233005,20016.82,8576.28,1.464040,
37.140449,2215,4800223272088,0.341305,0.234090,20030.75,8550.91,1.458005,
37.157235,2216,4800240039680,0.341296,0.240733,20031.16,8553.34,1.417735,
37.174005,2217,4800256807736,0.340827,0.236033,20027.83,8601.93,1.443980,
37.190758,2218,4800273574552,0.340447,0.232607,20023.15,8559.07,1.463613,
37.207629,2219,4800290342976,0.340250,0.234240,20035.56,8609.78,1.452572,
37.224386,2220,4800307109816,0.340651,0.232269,20018.58,8623.23,1.466622,111
37.241079,2221,4800323878216,0.341173,0.234382,20017.35,8599.81,1.455627,
37.257840,2222,4800340645816,0.341345,0.231449,20026.38,8602.78,1.474814,
37.274616,2223,4800357413664,0.340928,0.233797,20026.91,8654.65,1.458222,
37.291341,2224,4800374180568,0.340915,0.232527,20025.25,8593.52,1.466133,
37.308217,2225,4800390948664,0.340611,0.234887,20028.54,8636.49,1.450102,
37.325060,2226,4800407716056,0.340509,0.230986,20024.70,8592.53,1.474155,
37.341663,2227,4800424484240,0.340900,0.229512,20022.91,8556.60,1.485328,
37.358464,2228,4800441251592,0.341044,0.232298,20014.64,8552.31,1.468134,
37.375238,2229,4800458018976,0.340885,0.232913,20016.72,8556.07,1.463570,
37.391955,2230,4800474786536,0.341777,0.234074,20016.15,8590.70,1.460121,
37.408817,2231,4800491554240,0.341735,0.233447,20020.00,8621.07,1.463865,
37.425593,2232,4800508322056,0.340316,0.233976,20028.09,8594.36,1.454491,
37.442283,2233,4800525090216,0.340243,0.232116,20024.78,8582.14,1.465828,
37.459128,2234,4800541857088,0.340711,0.231096,20014.53,8581.63,1.474331,
37.475808,2235,4800558624736,0.341033,0.230970,20020.51,8590.67,1.476523,
37.492578,2236,4800575393088,0.341393,0.231114,20021.25,8615.42,1.477164,
37.509345,2237,4800592160056,0.341582,0.230686,20013.89,8626.25,1.480721,
37.526165,2238,4800608928568,0.341048,0.232864,20008.81,8600.00,1.464581,
37.542943,2239,4800625695608,0.340543,0.234841,20017.15,8593.16,1.450096,
37.559663,2240,4800642463072,0.340630,0.233887,20010.39,8595.30,1.456387,112
37.576522,2241,4800659231568,0.340734,0.230501,20017.12,8565.63,1.478234,
37.593196,2242,4800675999056,0.340713,0.234203,20004.92,8576.67,1.454776,
37.609974,2243,4800692766184,0.340822,0.230144,20010.73,8590.14,1.480906,
37.626727,2244,4800709534144,0.341498,0.230263,20006.71,8560.34,1.483076,
37.643521,2245,4800726302112,0.340829,0.232085,20015.45,8557.66,1.468553,
37.660405,2246,4800743069168,0.340082,0.231000,20019.03,8525.26,1.472218,
37.677106,2247,4800759837256,0.340120,0.231471,20010.96,8548.90,1.469388,
37.693915,2248,4800776605016,0.341103,0.230503,20014.60,8568.40,1.479822,
37.710641,2249,4800793372168,0.342071,0.230419,20010.28,8573.61,1.484562,
37.727376,2250,4800810139592,0.340618,0.232963,20010.16,8596.20,1.462109,
37.744182,2251,4800826907976,0.340089,0.233137,20012.02,8546.51,1.458756,
37.760855,2252,4800843675760,0.340823,0.230683,20007.69,8532.87,1.477449,
37.777687,2253,4800860443216,0.341123,0.229642,20014.24,8575.26,1.485458,
37.794463,2254,4800877211032,0.340818,0.233689,20010.91,8589.61,1.458426,
37.811183,2255,4800893978576,0.340528,0.228288,20012.69,8610.47,1.491658,
37.827931,2256,4800910745960,0.341008,0.230372,20014.64,8626.09,1.480249,
37.844751,2257,4800927513960,0.341080,0.227342,20019.87,8599.75,1.500295,
37.861434,2258,4800944281736,0.340516,0.229414,20009.09,8597.47,1.484286,
37.878202,2259,4800961048648,0.340571,0.231263,20017.86,8585.34,1.472658,
37.895108,2260,4800977816568,0.340481,0.230752,20013.45,8531.60,1.475528,113
37.911811,2261,4800994584680,0.341108,0.228876,20012.51,8542.05,1.490360,
37.928615,2262,4801011351720,0.340858,0.231104,20016.98,8543.99,1.474914,
37.945386,2263,4801028119736,0.340901,0.229211,20014.01,8580.03,1.487280,
37.962126,2264,4801044887056,0.340698,0.229171,20004.96,8564.03,1.486655,
37.978966,2265,4801061654568,0.340205,0.231267,20009.47,8570.05,1.471046,
37.995659,2266,4801078422976,0.340750,0.231897,20014.25,8563.03,1.469405,
38.012496,2267,4801095189848,0.341155,0.233388,20012.22,8604.79,1.461755,
38.029172,2268,4801111958072,0.340154,0.233050,20013.11,8583.81,1.459575,
38.045914,2269,4801128725960,0.340384,0.230986,20006.46,8552.66,1.473617,
38.062773,2270,4801145493072,0.340257,0.233863,20016.55,8580.67,1.454940,
38.079510,2271,4801162260592,0.340500,0.231865,20015.73,8564.80,1.468526,
38.096275,2272,4801179028464,0.340758,0.232959,20005.73,8547.81,1.462738,
38.113038,2273,4801195795944,0.340402,0.231593,20003.67,8557.66,1.469832,
38.129860,2274,4801212563512,0.340487,0.233858,20016.58,8565.77,1.455956,
38.146566,2275,4801229331240,0.340293,0.232238,20011.88,8532.03,1.465273,
38.163394,2276,4801246099568,0.340599,0.230208,20010.65,8539.74,1.479529,
38.180062,2277,4801262867240,0.340265,0.233042,20020.12,8564.45,1.460103,
38.196868,2278,4801279634720,0.340762,0.231851,20016.63,8606.67,1.469743,
38.213693,2279,4801296401736,0.341071,0.232499,20012.30,8574.45,1.466974,
38.230363,2280,4801313170112,0.340334,0.231529,20015.29,8566.09,1.469942,114
38.247127,2281,4801329937736,0.340447,0.230792,20009.64,8612.52,1.475129,
38.263928,2282,4801346705072,0.340536,0.233534,20000.02,8567.48,1.458187,
38.280678,2283,4801363473200,0.340216,0.233952,20009.99,8546.60,1.454211,
38.297520,2284,4801380240032,0.340458,0.236038,20013.36,8594.48,1.442387,
38.314279,2285,4801397008200,0.340585,0.234577,20011.09,8598.61,1.451911,
38.330963,2286,4801413775464,0.340163,0.234826,20012.22,8566.85,1.448576,
38.347809,2287,4801430543720,0.340532,0.236074,20003.86,8596.04,1.442479,
38.364533,2288,4801447311536,0.340625,0.234259,20003.62,8555.41,1.454050,
38.381296,2289,4801464078536,0.340586,0.232249,20005.38,8568.01,1.466469,
38.398059,2290,4801480846088,0.340376,0.232210,20006.60,8522.51,1.465811,
38.414800,2291,4801497613832,0.339838,0.234398,20017.11,8518.10,1.449837,
38.431660,2292,4801514381592,0.340667,0.236706,20020.67,8542.92,1.439199,
38.448429,2293,4801531149272,0.340334,0.239051,20011.74,8543.68,1.423688,
38.465123,2294,4801547917512,0.340880,0.236742,20012.80,8510.64,1.439881,
38.481890,2295,4801564684240,0.340420,0.233849,20014.64,8533.46,1.455722,
38.498615,2296,4801581452536,0.340384,0.234286,20016.53,8540.13,1.452856,
38.515476,2297,4801598220200,0.340479,0.237381,20014.76,8556.99,1.434313,
38.532235,2298,4801614988072,0.340746,0.238290,20014.51,8551.17,1.429965,
38.549059,2299,4801631755184,0.340422,0.236179,20019.02,8519.34,1.441373,
38.565813,2300,4801648523056,0.340605,0.238116,20024.88,8525.76,1.430416,115
38.582566,2301,4801665290736,0.340610,0.231499,20026.23,8573.18,1.471325,
38.599230,2302,4801682057944,0.340192,0.231910,20018.98,8584.30,1.466912,
38.615957,2303,4801698826240,0.339947,0.234950,20018.63,8581.54,1.446894,
38.632801,2304,4801715593592,0.340205,0.236411,20021.61,8561.64,1.439043,
38.649600,2305,4801732361032,0.340986,0.232399,20019.84,8533.90,1.467240,
38.666417,2306,4801749128816,0.340735,0.235383,20019.38,8554.12,1.447576,
38.683143,2307,4801765897000,0.340760,0.235914,20026.87,8530.44,1.444426,
38.699844,2308,4801782664088,0.340635,0.233468,20024.03,8538.68,1.459023,
38.716616,2309,4801799432240,0.340749,0.232525,20026.19,8516.69,1.465428,
38.733471,2310,4801816200112,0.340854,0.237029,20021.81,8577.48,1.438024,
38.750154,2311,4801832967072,0.340959,0.232189,20025.74,8547.72,1.468453,
38.766908,2312,4801849734960,0.340669,0.236187,20025.06,8548.79,1.442373,
38.783729,2313,4801866503088,0.341036,0.235487,20025.82,8573.38,1.448219,
38.800470,2314,4801883270112,0.340766,0.232988,20022.48,8512.31,1.462590,
38.817206,2315,4801900037704,0.340628,0.235731,20032.72,8536.35,1.444987,
38.834013,2316,4801916805680,0.340528,0.234121,20014.67,8525.82,1.454497,
38.850786,2317,4801933573536,0.341056,0.241812,20028.33,8527.94,1.410419,
38.867574,2318,4801950340888,0.341187,0.238490,20032.77,8536.67,1.430611,
38.884320,2319,4801967108704,0.340852,0.240256,20033.89,8552.06,1.418701,
38.901115,2320,4801983876680,0.340967,0.237616,20029.24,8562.29,1.434949,116
38.917823,2321,4802000643792,0.341087,0.237437,20030.32,8568.22,1.436536,
38.934666,2322,4802017411512,0.340816,0.234223,20029.55,8534.51,1.455092,
38.951464,2323,4802034179704,0.341193,0.235411,20027.83,8561.82,1.449348,
38.968216,2324,4802050946536,0.341484,0.232307,20033.16,8583.91,1.469969,
38.985013,2325,4802067714168,0.341047,0.233412,20032.87,8622.26,1.461138,
39.001723,2326,4802084481960,0.341565,0.232459,20036.72,8625.98,1.469356,
39.018448,2327,4802101250240,0.341041,0.235396,20038.18,8595.72,1.448796,
39.035212,2328,4802118017848,0.340983,0.241125,20032.68,8584.99,1.414132,
39.051971,2329,4802134785184,0.341300,0.236005,20034.06,8558.83,1.446155,
39.068761,2330,4802151552832,0.341368,0.239264,20038.86,8580.20,1.426740,
39.085539,2331,4802168320240,0.341388,0.234701,20028.92,8532.17,1.454564,
39.102343,2332,4802185087720,0.341346,0.234007,20030.92,8473.84,1.458701,
39.119047,2333,4802201855960,0.341208,0.235713,20036.11,8505.70,1.447558,
39.135857,2334,4802218623552,0.341480,0.236234,20033.46,8556.40,1.445515,
39.153247,2335,4802235390664,0.341323,0.234179,20041.62,8526.63,1.457531,
39.169402,2336,4802252158592,0.340966,0.232994,20040.85,8524.50,1.463412,
39.186155,2337,4802268926168,0.341056,0.234218,20039.28,8511.68,1.456149,
39.202978,2338,4802285694072,0.341421,0.233404,20033.00,8477.69,1.462790,
39.219697,2339,4802302461272,0.341469,0.235512,20034.02,8486.50,1.449901,
39.236486,2340,4802319229704,0.341535,0.235391,20030.56,8514.03,1.450924,117
39.253252,2341,4802335997088,0.341127,0.233127,20027.45,8457.61,1.463268,
39.270039,2342,4802352765072,0.341305,0.232270,20028.24,8510.79,1.469434,
39.286827,2343,4802369532536,0.341105,0.234822,20032.58,8557.50,1.452613,
39.303562,2344,4802386300112,0.341133,0.233882,20035.92,8531.95,1.458569,
39.320273,2345,4802403067720,0.341418,0.231669,20041.41,8455.58,1.473729,
39.337203,2346,4802419835624,0.341296,0.232401,20033.34,8465.84,1.468564,
39.353918,2347,4802436602832,0.341488,0.234718,20042.52,8495.55,1.454885,
39.370635,2348,4802453370536,0.341000,0.234434,20033.64,8500.76,1.454566,
39.387391,2349,4802470138736,0.341267,0.235983,20028.64,8505.28,1.446152,
39.404156,2350,4802486905704,0.340916,0.234408,20034.56,8494.97,1.454370,
39.420902,2351,4802503673256,0.341382,0.235601,20034.50,8525.96,1.448982,
39.437762,2352,4802520441512,0.341255,0.232101,20034.36,8549.56,1.470285,
39.454682,2353,4802537208552,0.341330,0.231635,20033.48,8573.40,1.473564,
39.471314,2354,4802553977168,0.341110,0.232783,20039.01,8542.46,1.465353,
39.488039,2355,4802570744624,0.341175,0.233285,20026.44,8541.56,1.462482,
39.504718,2356,4802587511720,0.341114,0.233732,20032.56,8521.51,1.459423,
39.521526,2357,4802604280032,0.341401,0.234533,20037.99,8527.84,1.455662,
39.538260,2358,4802621047072,0.341475,0.235167,20034.11,8551.17,1.452053,
39.555038,2359,4802637815240,0.341021,0.235170,20027.46,8575.61,1.450105,
39.571802,2360,4802654582296,0.341325,0.233509,20024.70,8565.31,1.461725,118
39.588656,2361,4802671350720,0.341472,0.236396,20024.06,8541.53,1.444490,
39.605263,2362,4802688118000,0.341376,0.234419,20027.53,8530.56,1.456265,
39.622062,2363,4802704885720,0.341327,0.234696,20022.05,8580.67,1.454332,
39.638896,2364,4802721653216,0.341155,0.233351,20022.74,8539.73,1.461983,
39.655592,2365,4802738421088,0.341425,0.228030,20021.25,8525.73,1.497282,
39.672334,2366,4802755188408,0.341216,0.232938,20027.05,8535.94,1.464832,
39.689260,2367,4802771956144,0.341405,0.232399,20030.53,8578.52,1.469047,
39.705867,2368,4802788723888,0.341363,0.232740,20028.67,8557.66,1.466717,
39.722734,2369,4802805491216,0.341785,0.234479,20021.40,8514.21,1.457632,
39.739485,2370,4802822258888,0.341188,0.233843,20017.99,8542.94,1.459050,
39.756213,2371,4802839027112,0.341546,0.233068,20016.69,8557.67,1.465439,
39.773039,2372,4802855794568,0.341143,0.235410,20021.99,8585.50,1.449147,
39.789832,2373,4802872562240,0.341499,0.234127,20019.41,8559.64,1.458605,
39.806540,2374,4802889329512,0.341569,0.229648,20022.07,8534.83,1.487358,
39.823244,2375,4802906097168,0.341669,0.231644,20021.01,8591.44,1.474975,
39.840076,2376,4802922865032,0.341560,0.234138,20020.40,8541.02,1.458797,
39.856860,2377,4802939632960,0.341331,0.233362,20020.52,8564.04,1.462667,
39.873617,2378,4802956400624,0.341365,0.233627,20016.36,8589.17,1.461155,
39.890421,2379,4802973167680,0.341296,0.231703,20022.30,8576.75,1.472988,
39.907152,2380,4802989935960,0.341323,0.234093,20016.99,8571.39,1.458069,119
39.923969,2381,4803006703184,0.341751,0.235865,20017.93,8482.46,1.448925,
39.940697,2382,4803023471592,0.341569,0.234835,20024.46,8498.98,1.454502,
39.957455,2383,4803040238808,0.341617,0.233508,20025.15,8570.07,1.462979,
39.974263,2384,4803057006816,0.341147,0.234292,20025.41,8569.03,1.456079,
39.990979,2385,4803073774240,0.341185,0.234098,20021.35,8620.76,1.457446,
40.007766,2386,4803090541464,0.341243,0.230951,20025.09,8635.60,1.477558,
40.024619,2387,4803107309056,0.340743,0.227324,20023.65,8630.76,1.498932,
40.041382,2388,4803124077072,0.341192,0.234496,20025.77,8605.68,1.455003,
40.058033,2389,4803140844272,0.340883,0.233505,20011.80,8586.55,1.459855,
40.074876,2390,4803157612384,0.340778,0.234741,20021.15,8562.44,1.451722,
40.091614,2391,4803174380072,0.341167,0.233955,20024.97,8543.34,1.458258,
40.108456,2392,4803191147328,0.341053,0.234052,20026.41,8533.72,1.457169,
40.125249,2393,4803207915168,0.341484,0.231987,20033.91,8544.22,1.471995,
40.141929,2394,4803224682720,0.341416,0.235931,20029.70,8475.32,1.447101,
40.158748,2395,4803241451216,0.341440,0.232313,20019.88,8485.29,1.469743,
40.175462,2396,4803258218088,0.340937,0.234221,20019.54,8496.83,1.455617,
40.192249,2397,4803274986016,0.341053,0.234652,20020.27,8502.80,1.453443,
40.208975,2398,4803291754056,0.340926,0.231154,20019.56,8482.04,1.474887,
40.225754,2399,4803308521072,0.341107,0.232833,20016.89,8456.63,1.465031,
40.242612,2400,4803325289088,0.341014,0.232888,20022.37,8482.05,1.464280,120
40.259337,2401,4803342057168,0.341185,0.232266,20015.69,8523.11,1.468938,
40.276076,2402,4803358823888,0.341553,0.232964,20019.42,8513.29,1.466120,
40.292894,2403,4803375592016,0.341367,0.233987,20027.61,8514.09,1.458914,
40.309577,2404,4803392360088,0.341518,0.233815,20033.84,8532.52,1.460632,
40.326300,2405,4803409126920,0.341510,0.230367,20029.78,8562.39,1.482459,
40.343169,2406,4803425894816,0.340970,0.232562,20031.69,8544.90,1.466146,
40.359890,2407,4803442662216,0.340725,0.230369,20027.47,8474.23,1.479043,
40.376672,2408,4803459430536,0.341256,0.233512,20018.89,8502.13,1.461403,
40.393449,2409,4803476198240,0.341206,0.230267,20029.13,8504.16,1.481786,
40.410216,2410,4803492965568,0.341088,0.231684,20027.53,8502.69,1.472208,
40.427054,2411,4803509733200,0.341334,0.231427,20020.09,8491.98,1.474908,
40.443805,2412,4803526501088,0.340666,0.234551,20025.10,8485.29,1.452416,
40.460527,2413,4803543268240,0.340886,0.231311,20027.16,8544.45,1.473709,
40.477343,2414,4803560036536,0.340862,0.235068,20025.80,8518.85,1.450053,
40.494021,2415,4803576804256,0.340881,0.230006,20023.28,8518.55,1.482056,
40.510776,2416,4803593571440,0.341077,0.232239,20027.80,8504.01,1.468645,
40.527632,2417,4803610339168,0.341491,0.235822,20020.15,8536.64,1.448085,
40.544417,2418,4803627106592,0.340610,0.237354,20022.42,8543.96,1.435032,
40.561123,2419,4803643874216,0.340996,0.237614,20025.64,8496.70,1.435084,
40.577937,2420,4803660642424,0.341041,0.240683,20028.61,8509.08,1.416969,121
40.594658,2421,4803677409720,0.341138,0.235597,20027.76,8545.08,1.447971,
40.611387,2422,4803694177736,0.341174,0.238122,20028.09,8588.35,1.432768,
40.628153,2423,4803710945352,0.340859,0.236626,20022.17,8549.43,1.440498,
40.644937,2424,4803727712664,0.340629,0.234861,20026.93,8525.67,1.450342,
40.661722,2425,4803744480664,0.340814,0.236249,20022.03,8579.87,1.442606,
40.678535,2426,4803761248032,0.341098,0.233286,20026.02,8546.53,1.462146,
40.695278,2427,4803778016240,0.341072,0.229465,20031.07,8547.12,1.486376,
40.712028,2428,4803794783464,0.341357,0.229820,20033.45,8533.22,1.485326,
40.728808,2429,4803811550976,0.341088,0.233536,20025.65,8541.00,1.460537,
40.745624,2430,4803828319088,0.340987,0.229432,20028.40,8529.04,1.486223,
40.762307,2431,4803845086648,0.341653,0.231224,20034.28,8547.98,1.477581,
40.779149,2432,4803861854592,0.341679,0.229811,20031.99,8539.97,1.486782,
40.795948,2433,4803878621720,0.341255,0.230789,20038.66,8535.63,1.478643,
40.812565,2434,4803895389384,0.341301,0.235886,20031.78,8506.75,1.446893,
40.829383,2435,4803912157512,0.341471,0.235746,20034.82,8527.90,1.448471,
40.846247,2436,4803928925112,0.341581,0.232573,20035.97,8499.16,1.468704,
40.862997,2437,4803945692664,0.341186,0.233092,20033.95,8514.04,1.463737,
40.879697,2438,4803962459816,0.340876,0.230318,20035.71,8527.44,1.480025,
40.896456,2439,4803979228240,0.340966,0.227138,20030.67,8509.15,1.501142,
40.913248,2440,4803995995816,0.341331,0.230946,20034.65,8536.05,1.477967,122
40.930012,2441,4804012763240,0.341567,0.227633,20035.92,8565.86,1.500516,
40.946722,2442,4804029531112,0.341668,0.226145,20041.48,8578.87,1.510833,
40.963522,2443,4804046298016,0.341820,0.228769,20035.41,8570.32,1.494171,
40.980280,2444,4804063066536,0.341570,0.228176,20031.35,8578.69,1.496961,
40.997082,2445,4804079833496,0.341339,0.229807,20030.12,8604.42,1.485329,
41.013789,2446,4804096601592,0.341849,0.226330,20031.67,8573.79,1.510396,
41.030627,2447,4804113369384,0.341428,0.230443,20028.37,8572.38,1.481615,
41.047333,2448,4804130137088,0.341197,0.226898,20035.46,8565.96,1.503747,
41.064140,2449,4804146904848,0.341349,0.229311,20030.30,8591.18,1.488584,
41.080834,2450,4804163671536,0.341672,0.228341,20031.24,8581.53,1.496328,
41.097654,2451,4804180439960,0.341936,0.229714,20031.08,8578.71,1.488526,
41.114384,2452,4804197207016,0.341887,0.229215,20019.81,8595.83,1.491558,
41.131288,2453,4804213975200,0.341821,0.230959,20024.12,8574.97,1.480009,
41.147992,2454,4804230742592,0.340489,0.232154,20030.29,8599.37,1.466647,
41.164772,2455,4804247510568,0.340672,0.232396,20033.25,8649.61,1.465915,
41.181465,2456,4804264278352,0.341671,0.230825,20035.62,8597.57,1.480215,
41.198300,2457,4804281045256,0.341189,0.232982,20081.68,8649.88,1.464442,
41.214991,2458,4804297813056,0.340409,0.232313,20103.85,8699.72,1.465300,
41.231788,2459,4804314580736,0.340574,0.230050,20093.26,8668.03,1.480432,
41.248556,2460,4804331348816,0.340074,0.229150,20095.20,8673.80,1.484068,123
41.265412,2461,4804348116240,0.339842,0.231714,20101.24,8678.49,1.466645,
41.282047,2462,4804364884056,0.340554,0.229430,20099.30,8662.43,1.484347,
41.298901,2463,4804381651568,0.340855,0.226314,20088.55,8641.47,1.506118,
41.315621,2464,4804398419200,0.340969,0.227294,20090.65,8620.75,1.500123,
41.332452,2465,4804415186736,0.340860,0.232316,20096.32,8641.62,1.467225,
41.349224,2466,4804431954760,0.340625,0.230587,20097.62,8647.44,1.477204,
41.365915,2467,4804448722168,0.339761,0.230269,20092.42,8628.10,1.475497,
41.382683,2468,4804465489920,0.340252,0.228959,20090.44,8683.19,1.486084,
41.399491,2469,4804482257256,0.340722,0.231216,20105.52,8688.48,1.473606,
41.416304,2470,4804499024944,0.340572,0.227448,20097.76,8656.49,1.497363,
41.433106,2471,4804515792704,0.340600,0.225973,20104.52,8667.00,1.507260,
41.449862,2472,4804532560144,0.340745,0.226238,20105.02,8638.52,1.506136,
41.466647,2473,4804549328072,0.339876,0.223780,20095.58,8633.18,1.518799,
41.483314,2474,4804566095648,0.339980,0.222526,20095.63,8648.80,1.527820,
41.500122,2475,4804582863216,0.340296,0.222608,20095.26,8652.59,1.528677,
41.516866,2476,4804599631408,0.340560,0.226723,20110.54,8620.18,1.502097,
41.533608,2477,4804616398704,0.340594,0.227208,20104.31,8642.41,1.499039,
41.550340,2478,4804633166072,0.340596,0.229778,20096.82,8629.86,1.482279,
41.567224,2479,4804649934032,0.340663,0.229693,20094.91,8603.27,1.483126,
41.583899,2480,4804666702112,0.340314,0.226378,20111.30,8645.22,1.503299,124
41.600668,2481,4804683469960,0.339759,0.225971,20105.54,8644.80,1.503552,
41.617383,2482,4804700237552,0.340796,0.227477,20100.81,8650.92,1.498156,
41.634269,2483,4804717004736,0.340960,0.230832,20102.37,8626.02,1.477093,
41.651066,2484,4804733772112,0.341231,0.231711,20108.93,8647.00,1.472656,
41.667937,2485,4804750539976,0.340535,0.233752,20097.28,8659.85,1.456821,
41.684614,2486,4804767308240,0.340807,0.233041,20102.34,8632.76,1.462438,
41.701224,2487,4804784075368,0.340242,0.230772,20098.95,8607.51,1.474364,
41.718157,2488,4804800842760,0.339953,0.235082,20097.13,8628.49,1.446104,
41.734742,2489,4804817610680,0.339987,0.236981,20103.59,8626.68,1.434659,
41.751602,2490,4804834378592,0.340849,0.235837,20101.84,8650.02,1.445275,
41.768355,2491,4804851146112,0.340891,0.234899,20103.35,8629.02,1.451223,
41.785185,2492,4804867914056,0.340371,0.235467,20091.49,8617.88,1.445516,
41.801963,2493,4804884681792,0.340793,0.236879,20106.14,8597.31,1.438681,
41.818639,2494,4804901449056,0.339917,0.236884,20104.59,8589.85,1.434948,
41.835407,2495,4804918216648,0.339736,0.235893,20103.06,8609.27,1.440214,
41.852151,2496,4804934984464,0.340992,0.232964,20103.12,8644.87,1.463713,
41.868959,2497,4804951752216,0.341303,0.234843,20096.41,8617.91,1.453327,
41.885702,2498,4804968519568,0.340935,0.234464,20086.06,8624.40,1.454104,
41.902493,2499,4804985287816,0.341367,0.235937,20096.67,8596.12,1.446857,
41.919306,2500,4805002054592,0.340670,0.230538,20100.69,8537.74,1.477719,125
41.936073,2501,4805018823032,0.340210,0.229611,20098.72,8533.59,1.481681,
41.952888,2502,4805035590608,0.340460,0.230806,20099.11,8548.80,1.475092,
41.969577,2503,4805052358272,0.341001,0.227025,20099.99,8588.74,1.502038,
41.986308,2504,4805069125888,0.341255,0.229897,20100.47,8570.86,1.484379,
42.003128,2505,4805085893200,0.341588,0.226399,20100.62,8593.03,1.508786,
42.019884,2506,4805102660816,0.341463,0.230297,20104.95,8593.84,1.482709,
42.036709,2507,4805119428760,0.340630,0.229529,20098.41,8602.59,1.484037,
42.053479,2508,4805136195976,0.340062,0.228468,20095.60,8601.74,1.488443,
42.070230,2509,4805152963664,0.340121,0.227914,20088.98,8568.93,1.492323,
42.086923,2510,4805169731464,0.340254,0.228816,20093.34,8584.53,1.487016,
42.103656,2511,4805186499256,0.340560,0.224998,20088.56,8528.20,1.513613,
42.120500,2512,4805203266704,0.340592,0.225080,20091.93,8532.22,1.513205,
42.137195,2513,4805220034184,0.340411,0.231220,20103.84,8513.40,1.472237,
42.154006,2514,4805236801848,0.340021,0.228029,20099.10,8506.05,1.491132,
42.170784,2515,4805253570056,0.340318,0.231646,20093.93,8497.77,1.469128,
42.187598,2516,4805270337480,0.340354,0.229921,20106.99,8481.56,1.480310,
42.204305,2517,4805287105200,0.341187,0.231140,20093.57,8542.99,1.476104,
42.221045,2518,4805303873056,0.341110,0.230107,20086.70,8494.62,1.482396,
42.237876,2519,4805320640168,0.340825,0.229289,20103.89,8522.36,1.486443,
42.254656,2520,4805337408112,0.340621,0.227654,20092.07,8576.29,1.496223,126
42.271411,2521,4805354176112,0.340502,0.227301,20098.57,8591.42,1.498025,
42.288170,2522,4805370943072,0.340653,0.230376,20098.16,8566.39,1.478687,
42.304922,2523,4805387710736,0.340946,0.231841,20088.59,8572.44,1.470600,
42.321723,2524,4805404478704,0.340598,0.233324,20097.57,8559.97,1.459766,
42.338504,2525,4805421246512,0.340958,0.231088,20094.41,8614.07,1.475446,
42.355301,2526,4805438013720,0.340157,0.229058,20093.10,8558.48,1.485025,
42.371970,2527,4805454782240,0.340436,0.230469,20096.05,8558.28,1.477147,
42.388746,2528,4805471549888,0.340698,0.229364,20089.04,8562.04,1.485403,
42.405515,2529,4805488317648,0.340478,0.225227,20103.51,8548.76,1.511713,
42.422286,2530,4805505085144,0.340379,0.228890,20097.99,8551.11,1.487086,
42.439041,2531,4805521852920,0.340584,0.227466,20097.96,8542.99,1.497297,
42.455840,2532,4805538620016,0.340483,0.230207,20095.30,8576.38,1.479032,
42.472743,2533,4805555387592,0.340537,0.229897,20089.18,8558.94,1.481263,
42.489345,2534,4805572155144,0.340689,0.226844,20085.23,8537.00,1.501868,
42.506192,2535,4805588923240,0.340529,0.229189,20095.36,8541.70,1.485801,
42.522979,2536,4805605691072,0.340718,0.227778,20094.37,8529.73,1.495833,
42.539742,2537,4805622458720,0.340225,0.227707,20100.13,8533.75,1.494135,
42.556477,2538,4805639226144,0.339633,0.226770,20092.80,8525.04,1.497699,
42.573338,2539,4805655994200,0.340027,0.231318,20099.14,8515.66,1.469957,
42.590107,2540,4805672761536,0.340408,0.233005,20099.69,8545.16,1.460943,127
42.606790,2541,4805689529200,0.340470,0.233508,20097.57,8566.85,1.458068,
42.623547,2542,4805706296592,0.340305,0.228026,20100.35,8587.69,1.492393,
42.640268,2543,4805723063960,0.340223,0.231914,20095.14,8579.33,1.467023,
42.657101,2544,4805739832552,0.340232,0.232016,20098.48,8543.80,1.466418,
42.673789,2545,4805756600216,0.340973,0.232124,20087.72,8607.09,1.468926,
42.690624,2546,4805773367592,0.340557,0.232381,20099.17,8607.90,1.465513,
42.707322,2547,4805790134664,0.339856,0.234332,20102.59,8550.59,1.450317,
42.724145,2548,4805806903032,0.340494,0.230773,20107.68,8513.07,1.475455,
42.740958,2549,4805823670240,0.340410,0.231096,20109.26,8548.12,1.473024,
42.757712,2550,4805840437816,0.340709,0.230088,20108.88,8589.70,1.480779,
42.774430,2551,4805857205720,0.340452,0.230191,20104.10,8564.42,1.479001,
42.791185,2552,4805873973032,0.340130,0.226080,20099.03,8507.92,1.504468,
42.807946,2553,4805890741168,0.340706,0.230178,20105.80,8567.01,1.480182,
42.824814,2554,4805907508216,0.340705,0.230750,20103.99,8560.90,1.476513,
42.841631,2555,4805924276776,0.340724,0.231361,20102.92,8603.00,1.472694,
42.858318,2556,4805941043496,0.340165,0.228068,20107.52,8606.34,1.491507,
42.875058,2557,4805957812032,0.340293,0.231813,20096.80,8566.39,1.467961,
42.891798,2558,4805974579592,0.340501,0.232432,20098.74,8586.43,1.464948,
42.908568,2559,4805991346920,0.340766,0.233774,20097.24,8602.69,1.457670,
42.925351,2560,4806008114816,0.340416,0.234847,20098.68,8555.52,1.449520,128
42.942232,2561,4806024882736,0.340944,0.230974,20094.61,8519.22,1.476118,
42.958915,2562,4806041649592,0.340146,0.232929,20095.95,8545.24,1.460297,
42.975751,2563,4806058418032,0.340487,0.231846,20094.28,8523.36,1.468591,
42.992432,2564,4806075184960,0.340524,0.229772,20092.86,8525.66,1.482007,
43.009253,2565,4806091953240,0.341120,0.228403,20094.50,8512.80,1.493505,
43.026057,2566,4806108721072,0.340905,0.230104,20087.89,8522.91,1.481523,
43.042708,2567,4806125488736,0.340686,0.226269,20081.36,8542.46,1.505666,
43.059574,2568,4806142255536,0.340515,0.227837,20090.93,8490.52,1.494556,
43.076323,2569,4806159023736,0.339938,0.227811,20099.97,8477.31,1.492197,
43.093117,2570,4806175791480,0.340173,0.228099,20083.58,8500.07,1.491340,
43.109862,2571,4806192558720,0.340536,0.226321,20085.04,8473.36,1.504664,
43.126680,2572,4806209326088,0.340623,0.225039,20099.30,8491.87,1.513619,
43.143442,2573,4806226094032,0.340546,0.225093,20090.18,8502.04,1.512914,
43.160111,2574,4806242861976,0.340595,0.226408,20083.57,8495.14,1.504340,
43.176913,2575,4806259629032,0.340265,0.227008,20096.52,8493.80,1.498911,
43.193654,2576,4806276397056,0.340239,0.226632,20093.95,8500.67,1.501286,
43.210457,2577,4806293165056,0.340667,0.231298,20096.80,8573.08,1.472849,
43.227203,2578,4806309932704,0.340439,0.230051,20085.93,8508.88,1.479841,
43.243958,2579,4806326700464,0.340888,0.230662,20079.45,8504.47,1.477866,
43.260725,2580,4806343468144,0.340332,0.226094,20092.70,8506.01,1.505272,129
43.277456,2581,4806360235480,0.340041,0.224940,20092.54,8529.13,1.511698,
43.294219,2582,4806377003088,0.340236,0.227505,20092.93,8502.05,1.495505,
43.310984,2583,4806393770536,0.340310,0.227114,20086.85,8498.61,1.498411,
43.327784,2584,4806410538112,0.340155,0.226341,20080.68,8553.67,1.502844,
43.344551,2585,4806427306592,0.340313,0.228694,20085.34,8566.39,1.488071,
43.361356,2586,4806444074072,0.340094,0.229684,20080.97,8544.36,1.480700,
43.378121,2587,4806460841056,0.340454,0.227397,20094.67,8506.34,1.497182,
43.394790,2588,4806477609088,0.339825,0.230789,20086.94,8467.78,1.472450,
43.411652,2589,4806494377184,0.340280,0.228677,20085.24,8473.21,1.488038,
43.428380,2590,4806511144056,0.340132,0.227289,20087.43,8476.10,1.496474,
43.445185,2591,4806527912240,0.340377,0.227677,20090.82,8455.89,1.495002,
43.461913,2592,4806544679816,0.340362,0.227269,20093.13,8489.95,1.497616,
43.478765,2593,4806561447720,0.340149,0.226311,20095.56,8536.13,1.503011,
43.495487,2594,4806578214944,0.339929,0.224107,20097.85,8504.59,1.516815,
43.512199,2595,4806594983200,0.340161,0.226486,20103.16,8537.06,1.501907,
43.529031,2596,4806611750816,0.340402,0.225205,20092.10,8547.65,1.511520,
43.545810,2597,4806628518240,0.340196,0.226420,20093.23,8495.74,1.502504,
43.562478,2598,4806645285920,0.340211,0.229765,20083.17,8522.10,1.480691,
43.579372,2599,4806662053112,0.340637,0.226201,20104.28,8545.58,1.505907,
43.596067,2600,4806678821000,0.340331,0.227338,20104.35,8555.14,1.497029,130
43.612828,2601,4806695588624,0.339918,0.227543,20090.20,8582.73,1.493861,
43.629624,2602,4806712356512,0.340752,0.230712,20100.33,8560.04,1.476959,
43.646366,2603,4806729124056,0.340688,0.232875,20087.80,8560.74,1.462969,
43.663179,2604,4806745891832,0.340507,0.229456,20086.29,8554.08,1.483976,
43.679908,2605,4806762659720,0.340577,0.229844,20095.98,8524.17,1.481778,
43.696686,2606,4806779426960,0.340432,0.227904,20097.17,8532.80,1.493749,
43.713473,2607,4806796195056,0.341189,0.228839,20102.03,8553.86,1.490957,
43.730237,2608,4806812962680,0.340579,0.231791,20093.13,8558.08,1.469336,
43.747035,2609,4806829729792,0.340396,0.230533,20080.52,8538.27,1.476559,
43.763800,2610,4806846497832,0.340370,0.228621,20084.58,8525.26,1.488800,
43.780575,2611,4806863265664,0.340495,0.227674,20087.75,8521.12,1.495539,
43.797296,2612,4806880032536,0.340507,0.229156,20097.36,8542.72,1.485914,
43.814092,2613,4806896800144,0.340504,0.229281,20094.38,8544.93,1.485094,
43.830826,2614,4806913568088,0.340457,0.230718,20097.83,8553.49,1.475642,
43.847557,2615,4806930335736,0.340737,0.231360,20104.86,8546.78,1.472762,
43.864320,2616,4806947103720,0.340916,0.230875,20101.41,8580.03,1.476624,
43.881075,2617,4806963871144,0.340279,0.228648,20093.97,8568.16,1.488220,
43.897834,2618,4806980639200,0.340491,0.229384,20096.90,8560.16,1.484371,
43.914622,2619,4806997406720,0.340350,0.230057,20085.53,8556.17,1.479414,
43.931426,2620,4807014174704,0.340521,0.235132,20095.26,8545.73,1.448215,131
43.948160,2621,4807030942168,0.340448,0.229574,20104.86,8574.85,1.482957,
43.964942,2622,4807047709088,0.340320,0.227088,20103.39,8586.70,1.498626,
43.981730,2623,4807064477144,0.340467,0.228665,20099.88,8569.80,1.488930,
43.998527,2624,4807081244512,0.340459,0.230904,20086.35,8519.44,1.474462,
44.015234,2625,4807098012168,0.340382,0.226044,20081.57,8480.53,1.505819,
44.031993,2626,4807114780592,0.341103,0.227880,20085.72,8489.51,1.496853,
44.048782,2627,4807131548056,0.340606,0.229704,20090.40,8511.89,1.482807,
44.065637,2628,4807148316000,0.340451,0.229268,20090.33,8560.80,1.484944,
44.082321,2629,4807165083496,0.340412,0.233954,20088.36,8541.63,1.455036,
44.099150,2630,4807181850568,0.340573,0.230220,20083.64,8511.29,1.479336,
44.115869,2631,4807198618720,0.340879,0.228391,20076.52,8508.52,1.492525,
44.132677,2632,4807215386496,0.340900,0.227723,20082.04,8487.17,1.496998,
44.149443,2633,4807232153960,0.340643,0.228151,20092.86,8469.00,1.493058,
44.166186,2634,4807248921960,0.340805,0.231938,20087.52,8511.78,1.469382,
44.182973,2635,4807265688736,0.340235,0.231014,20089.46,8551.81,1.472787,
44.199741,2636,4807282456536,0.340585,0.230068,20089.95,8560.65,1.480363,
44.216448,2637,4807299224664,0.340736,0.232966,20083.75,8574.65,1.462600,
44.233223,2638,4807315992464,0.339617,0.227038,20082.73,8592.26,1.495859,
44.249950,2639,4807332759576,0.340083,0.226674,20083.40,8627.19,1.500319,
44.266712,2640,4807349527056,0.340903,0.227612,20093.23,8612.30,1.497737,132
44.283454,2641,4807366294720,0.340743,0.231466,20089.77,8616.04,1.472104,
44.300228,2642,4807383063184,0.340298,0.233288,20091.48,8598.20,1.458705,
44.317032,2643,4807399830720,0.340442,0.230227,20084.88,8581.48,1.478726,
44.333816,2644,4807416597704,0.339813,0.228962,20083.00,8554.48,1.484145,
44.350530,2645,4807433365920,0.339610,0.229865,20086.55,8562.04,1.477433,
44.367371,2646,4807450133496,0.340237,0.230564,20078.92,8525.45,1.475672,
44.384105,2647,4807466900720,0.340276,0.235218,20088.29,8576.03,1.446644,
44.400840,2648,4807483668552,0.340077,0.233570,20088.99,8540.74,1.455994,
44.417633,2649,4807500436704,0.340171,0.235869,20080.97,8553.81,1.442205,
44.434421,2650,4807517204072,0.340166,0.236439,20076.57,8555.16,1.438702,
44.451200,2651,4807533971680,0.339938,0.237316,20081.22,8590.47,1.432426,
44.467998,2652,4807550739072,0.339593,0.234263,20087.14,8569.79,1.449622,
44.484762,2653,4807567507240,0.339759,0.230815,20079.02,8621.95,1.471994,
44.501511,2654,4807584274592,0.340135,0.230285,20091.10,8603.65,1.477014,
44.518347,2655,4807601042072,0.339719,0.232584,20090.11,8596.51,1.460631,
44.535033,2656,4807617810112,0.339752,0.230415,20093.61,8593.03,1.474522,
44.551773,2657,4807634577704,0.340036,0.227841,20072.47,8555.97,1.492425,
44.568655,2658,4807651344848,0.339975,0.231656,20078.75,8527.06,1.467584,
44.585393,2659,4807668113352,0.339259,0.230383,20080.90,8544.97,1.472586,
44.602113,2660,4807684880536,0.340115,0.232030,20080.74,8566.69,1.465821,133
44.618850,2661,4807701648552,0.340146,0.230353,20073.28,8546.50,1.476626,
44.635663,2662,4807718416328,0.340286,0.228174,20079.50,8531.49,1.491345,
44.652458,2663,4807735183216,0.339757,0.228016,20070.53,8583.35,1.490061,
44.669265,2664,4807751951032,0.340151,0.232922,20069.13,8518.55,1.460365,
44.686045,2665,4807768718720,0.340195,0.227814,20077.40,8563.67,1.493303,
44.702810,2666,4807785486592,0.340087,0.226806,20078.12,8571.98,1.499459,
44.719559,2667,4807802253792,0.340015,0.228329,20084.22,8585.10,1.489146,
44.736296,2668,4807819022056,0.340626,0.227243,20080.25,8582.20,1.498948,
44.753173,2669,4807835790016,0.340313,0.228404,20074.27,8587.76,1.489963,
44.769878,2670,4807852556832,0.339866,0.226444,20083.57,8561.06,1.500880,
44.786611,2671,4807869324976,0.339860,0.227574,20079.21,8573.99,1.493403,
44.803350,2672,4807886092720,0.340132,0.227773,20075.44,8599.40,1.493294,
44.820264,2673,4807902860112,0.340147,0.225571,20079.39,8602.48,1.507940,
44.836913,2674,4807919627592,0.339581,0.228277,20083.87,8613.31,1.487579,
44.853670,2675,4807936395240,0.339918,0.227823,20085.88,8621.31,1.492028,
44.870458,2676,4807953163648,0.339374,0.228494,20081.95,8605.80,1.485268,
44.887245,2677,4807969931256,0.340109,0.222917,20076.99,8624.86,1.525724,
44.903998,2678,4807986698072,0.340533,0.223856,20072.67,8627.93,1.521214,
44.920796,2679,4808003466216,0.340557,0.224974,20076.47,8593.02,1.513763,
44.937738,2680,4808020233832,0.340431,0.222477,20081.09,8611.60,1.530183,134
44.954253,2681,4808037001720,0.340011,0.228348,20087.10,8640.28,1.489005,
44.971042,2682,4808053769112,0.340328,0.223484,20087.30,8611.81,1.522829,
44.987855,2683,4808070537200,0.340481,0.225375,20081.71,8600.70,1.510726,
45.004545,2684,4808087304072,0.339793,0.227914,20100.32,8633.86,1.490884,
45.021305,2685,4808104072112,0.340151,0.228680,20092.80,8590.07,1.487458,
45.038122,2686,4808120839976,0.339658,0.224652,20096.80,8606.17,1.511931,
45.055072,2687,4808137607736,0.340056,0.227404,20079.58,8612.31,1.495383,
45.071575,2688,4808154375552,0.340312,0.231086,20072.69,8643.33,1.472663,
45.088355,2689,4808171142960,0.340251,0.227381,20079.16,8641.90,1.496388,
45.105165,2690,4808187910736,0.340638,0.229363,20089.70,8654.53,1.485146,
45.121926,2691,4808204678144,0.339963,0.230373,20081.38,8623.32,1.475703,
45.138686,2692,4808221446016,0.339912,0.233084,20079.45,8632.39,1.458325,
45.155478,2693,4808238212976,0.339822,0.232529,20087.60,8626.57,1.461419,
45.172291,2694,4808254981032,0.340133,0.236114,20087.72,8648.96,1.440545,
45.189018,2695,4808271749200,0.339990,0.234074,20090.13,8659.24,1.452485,
45.205789,2696,4808288516312,0.339763,0.233024,20084.49,8663.74,1.458056,
45.222504,2697,4808305284240,0.339347,0.232756,20080.97,8655.26,1.457952,
45.239276,2698,4808322051976,0.339409,0.231590,20086.33,8628.61,1.465560,
45.256144,2699,4808338819832,0.339847,0.232150,20083.11,8580.01,1.463912,
45.272840,2700,4808355586736,0.340140,0.234258,20084.14,8596.23,1.451985,135
45.289608,2701,4808372355168,0.340024,0.234281,20086.98,8523.76,1.451352,
45.306377,2702,4808389121976,0.340511,0.232943,20082.74,8588.94,1.461779,
45.323129,2703,4808405890112,0.339891,0.230865,20092.03,8592.03,1.472251,
45.339954,2704,4808422658032,0.339941,0.231827,20095.09,8574.67,1.466360,
45.356650,2705,4808439425088,0.339671,0.236977,20084.60,8601.52,1.433350,
45.373463,2706,4808456192512,0.339645,0.232092,20089.97,8586.60,1.463410,
45.390266,2707,4808472960352,0.340039,0.230209,20092.31,8551.40,1.477092,
45.406969,2708,4808489728088,0.339896,0.231383,20091.42,8527.44,1.468975,
45.423732,2709,4808506496088,0.339505,0.227988,20081.02,8586.71,1.489135,
45.440513,2710,4808523263536,0.339934,0.226858,20091.93,8570.08,1.498446,
45.457278,2711,4808540031056,0.339299,0.232187,20082.33,8563.88,1.461317,
45.474021,2712,4808556799000,0.339666,0.231877,20079.40,8590.29,1.464854,
45.490900,2713,4808573566888,0.339854,0.229594,20091.81,8592.02,1.480239,
45.507688,2714,4808590334032,0.340177,0.229284,20088.41,8569.36,1.483649,
45.524430,2715,4808607101680,0.340312,0.230570,20087.54,8589.46,1.475959,
45.541163,2716,4808623870000,0.339614,0.231772,20085.88,8590.96,1.465293,
45.557959,2717,4808640637184,0.339462,0.229748,20089.55,8569.13,1.477543,
45.574787,2718,4808657404960,0.339804,0.227576,20085.93,8556.59,1.493146,
45.591502,2719,4808674172832,0.340031,0.230446,20092.74,8494.54,1.475534,
45.608209,2720,4808690940648,0.340092,0.232449,20085.23,8574.33,1.463083,136
45.624968,2721,4808707708168,0.339942,0.232032,20090.68,8583.67,1.465065,
45.641750,2722,4808724475888,0.339124,0.231513,20073.74,8560.95,1.464815,
45.658594,2723,4808741242848,0.339460,0.232252,20083.17,8597.85,1.461601,
45.675353,2724,4808758011088,0.339723,0.234467,20090.33,8599.96,1.448916,
45.692151,2725,4808774778960,0.340113,0.234755,20089.27,8560.77,1.448796,
45.708817,2726,4808791546088,0.339325,0.231513,20082.16,8542.65,1.465687,
45.725669,2727,4808808314032,0.339963,0.230381,20087.12,8570.29,1.475660,
45.742395,2728,4808825081480,0.339579,0.230960,20091.16,8548.66,1.470294,
45.759115,2729,4808841849184,0.339525,0.233689,20084.36,8584.24,1.452896,
45.775875,2730,4808858617072,0.339503,0.233417,20090.21,8584.54,1.454494,
45.792630,2731,4808875384624,0.339743,0.232429,20089.56,8518.29,1.461705,
45.809450,2732,4808892152216,0.339330,0.228975,20095.48,8542.71,1.481951,
45.826193,2733,4808908920240,0.339565,0.225261,20080.92,8577.29,1.507430,
45.842934,2734,4808925687568,0.339609,0.227854,20088.81,8588.77,1.490469,
45.859736,2735,4808942455256,0.339833,0.229359,20089.60,8582.39,1.481664,
45.876453,2736,4808959222920,0.340447,0.230092,20083.76,8617.59,1.479616,
45.893322,2737,4808975989960,0.339910,0.229337,20091.28,8614.21,1.482147,
45.910291,2738,4808992758552,0.339851,0.232311,20091.40,8619.77,1.462914,
45.926884,2739,4809009525272,0.340032,0.227925,20094.92,8593.89,1.491859,
45.943666,2740,4809026293088,0.339957,0.233224,20095.80,8614.58,1.457643,137
45.960326,2741,4809043061312,0.339899,0.229250,20089.57,8603.37,1.482657,
45.977107,2742,4809059829112,0.340142,0.231627,20090.88,8605.27,1.468489,
45.993923,2743,4809076596680,0.339828,0.232314,20080.45,8600.61,1.462797,
46.010709,2744,4809093364072,0.339518,0.228991,20087.32,8616.88,1.482669,
46.027352,2745,4809110131736,0.339682,0.230951,20090.63,8613.80,1.470796,
46.044156,2746,4809126899576,0.339966,0.229404,20095.08,8634.54,1.481955,
46.060957,2747,4809143666704,0.339932,0.227589,20091.96,8565.50,1.493621,
46.077788,2748,4809160434720,0.339868,0.227354,20097.45,8588.42,1.494886,
46.094511,2749,4809177202200,0.339857,0.228576,20092.07,8593.27,1.486841,
46.111331,2750,4809193970032,0.339886,0.225293,20093.75,8578.71,1.508637,
46.128046,2751,4809210737216,0.339670,0.226007,20092.83,8579.21,1.502923,
46.144747,2752,4809227505576,0.339695,0.228213,20098.91,8602.44,1.488499,
46.161603,2753,4809244272648,0.339748,0.227937,20089.79,8572.29,1.490538,
46.178307,2754,4809261040960,0.339497,0.230415,20095.52,8587.12,1.473416,
46.195101,2755,4809277808032,0.339533,0.228431,20090.70,8605.68,1.486370,
46.211897,2756,4809294575920,0.340258,0.228008,20094.46,8626.52,1.492308,
46.228614,2757,4809311343496,0.339512,0.230855,20095.48,8633.28,1.470667,
46.245412,2758,4809328111112,0.340026,0.226753,20089.85,8644.94,1.499540,
46.262227,2759,4809344879240,0.339744,0.229594,20092.20,8620.29,1.479763,
46.278855,2760,4809361647056,0.339915,0.232407,20091.35,8609.18,1.462587,138
46.295659,2761,4809378414592,0.340100,0.228261,20096.76,8631.39,1.489962,
46.312429,2762,4809395182144,0.340041,0.229305,20092.74,8660.49,1.482921,
46.329203,2763,4809411949200,0.339808,0.231057,20085.70,8618.23,1.470671,
46.346023,2764,4809428717424,0.339921,0.229647,20088.47,8649.24,1.480188,
46.362815,2765,4809445484480,0.340190,0.226026,20100.51,8587.67,1.505094,
46.379599,2766,4809462253056,0.340534,0.227178,20096.77,8632.19,1.498974,
46.396413,2767,4809479019848,0.339670,0.226619,20097.44,8658.11,1.498861,
46.413064,2768,4809495787424,0.340014,0.225467,20079.12,8630.86,1.508045,
46.429823,2769,4809512555088,0.339902,0.227436,20084.14,8618.48,1.494492,
46.446601,2770,4809529323440,0.339588,0.229974,20082.61,8604.30,1.476635,
46.463354,2771,4809546090760,0.339435,0.228366,20088.60,8599.24,1.486364,
46.480207,2772,4809562858944,0.339956,0.228388,20091.63,8592.06,1.488505,
46.496929,2773,4809579626240,0.339703,0.228155,20092.36,8616.84,1.488910,
46.513628,2774,4809596394072,0.339780,0.229713,20085.40,8592.38,1.479147,
46.530459,2775,4809613161200,0.339942,0.228571,20082.78,8549.54,1.487251,
46.547151,2776,4809629929072,0.340134,0.227199,20090.09,8592.86,1.497074,
46.563911,2777,4809646697240,0.339955,0.227244,20087.10,8633.48,1.495996,
46.580776,2778,4809663464424,0.340059,0.228417,20087.43,8636.81,1.488762,
46.597522,2779,4809680232184,0.339548,0.227874,20087.70,8627.42,1.490067,
46.614309,2780,4809697000072,0.340247,0.228752,20085.52,8626.26,1.487404,139
46.631092,2781,4809713767312,0.339569,0.224500,20095.67,8610.68,1.512553,
46.647789,2782,4809730535512,0.339671,0.226594,20094.98,8592.34,1.499030,
46.664502,2783,4809747303032,0.340096,0.229699,20088.54,8622.28,1.480617,
46.681302,2784,4809764070072,0.340232,0.227203,20087.08,8652.48,1.497477,
46.698079,2785,4809780837888,0.340232,0.229771,20085.15,8637.08,1.480744,
46.714930,2786,4809797605976,0.339908,0.229671,20082.75,8651.96,1.479977,
46.731655,2787,4809814373536,0.340577,0.230318,20087.01,8622.35,1.478729,
46.748349,2788,4809831141088,0.340079,0.233684,20082.77,8612.43,1.455296,
46.765093,2789,4809847909016,0.339572,0.232269,20079.24,8618.39,1.461978,
46.781899,2790,4809864676184,0.340048,0.229523,20085.30,8587.11,1.481545,
46.798658,2791,4809881444464,0.340215,0.229938,20086.15,8625.84,1.479593,
46.815453,2792,4809898211464,0.339966,0.227698,20085.38,8599.06,1.493056,
46.832240,2793,4809914979888,0.339643,0.230804,20085.24,8605.51,1.471567,
46.849051,2794,4809931747056,0.340201,0.230535,20083.17,8605.08,1.475701,
46.865737,2795,4809948514240,0.340048,0.230463,20087.90,8608.48,1.475502,
46.882555,2796,4809965282056,0.340046,0.229126,20085.80,8631.39,1.484098,
46.899325,2797,4809982050200,0.340122,0.231005,20080.00,8587.38,1.472357,
46.916126,2798,4809998817576,0.339966,0.231755,20083.28,8575.93,1.466920,
46.932783,2799,4810015585216,0.340406,0.226586,20082.07,8530.20,1.502327,
46.949643,2800,4810032352552,0.340559,0.230745,20084.34,8571.90,1.475909,140
46.966455,2801,4810049121168,0.340106,0.230086,20088.97,8584.72,1.478171,
46.983113,2802,4810065888496,0.340129,0.229787,20092.26,8555.37,1.480194,
46.999902,2803,4810082656240,0.340121,0.230057,20093.24,8556.10,1.478422,
47.016646,2804,4810099423256,0.339977,0.228428,20094.16,8565.47,1.488331,
47.033399,2805,4810116191240,0.340014,0.230355,20088.07,8525.31,1.476041,
47.050235,2806,4810132959216,0.339534,0.231154,20083.24,8531.65,1.468861,
47.067049,2807,4810149726736,0.339669,0.230590,20081.88,8544.61,1.473046,
47.083706,2808,4810166493816,0.340015,0.229964,20083.54,8556.42,1.478560,
47.100481,2809,4810183261680,0.339831,0.229787,20087.46,8539.43,1.478894,
47.117227,2810,4810200030072,0.339792,0.230177,20084.02,8557.15,1.476221,
47.134020,2811,4810216797736,0.340033,0.232283,20077.24,8544.51,1.463877,
47.150831,2812,4810233565072,0.340019,0.229914,20088.77,8572.63,1.478898,
47.167629,2813,4810250332720,0.339905,0.228503,20084.85,8525.79,1.487534,
47.184341,2814,4810267100088,0.340018,0.228476,20091.45,8572.24,1.488204,
47.201228,2815,4810283868216,0.340052,0.229882,20093.72,8565.44,1.479246,
47.217955,2816,4810300635088,0.339748,0.229936,20092.44,8549.48,1.477580,
47.236314,2817,4810317403112,0.339317,0.227653,20089.03,8564.83,1.490500,
47.251424,2818,4810334170552,0.339629,0.226040,20085.95,8495.43,1.502518,
47.268269,2819,4810350938720,0.339822,0.228039,20087.03,8529.82,1.490195,
47.285034,2820,4810367706592,0.339572,0.226706,20093.08,8528.84,1.497854,141
47.301799,2821,4810384474184,0.340127,0.227807,20097.84,8560.86,1.493054,
47.318541,2822,4810401241464,0.339474,0.228561,20092.52,8561.95,1.485265,
47.335328,2823,4810418009072,0.339496,0.224603,20089.41,8549.07,1.511537,
47.351999,2824,4810434777056,0.340111,0.225759,20084.52,8561.24,1.506522,
47.368812,2825,4810451544144,0.339837,0.227819,20086.92,8603.05,1.491700,
47.385580,2826,4810468311960,0.340061,0.226518,20091.39,8623.92,1.501252,
47.402331,2827,4810485079680,0.340107,0.227816,20086.79,8635.28,1.492901,
47.419126,2828,4810501847088,0.339862,0.225494,20101.49,8608.79,1.507192,
47.435883,2829,4810518615000,0.339436,0.227974,20081.93,8619.83,1.488923,
47.452644,2830,4810535382384,0.340022,0.229835,20076.06,8611.41,1.479419,
47.469490,2831,4810552150704,0.339894,0.231968,20091.28,8607.72,1.465267,
47.486213,2832,4810568918144,0.340369,0.231107,20084.60,8585.96,1.472773,
47.502985,2833,4810585685664,0.340122,0.230374,20092.01,8597.54,1.476388,
47.519743,2834,4810602453088,0.339923,0.228285,20090.83,8575.20,1.489028,
47.536566,2835,4810619221576,0.339931,0.229335,20095.78,8550.92,1.482248,
47.553311,2836,4810635988296,0.340006,0.230045,20096.32,8569.53,1.477995,
47.570079,2837,4810652756648,0.340434,0.233088,20090.15,8577.95,1.460538,
47.586768,2838,4810669524088,0.339928,0.232569,20090.16,8559.40,1.461621,
47.603618,2839,4810686292032,0.339446,0.234475,20092.67,8568.33,1.447684,
47.620381,2840,4810703059592,0.339907,0.234140,20087.16,8547.32,1.451729,142
47.644034,2841,4810719827216,0.340189,0.235293,20088.68,8519.51,1.445811,
47.653846,2842,4810736594440,0.339698,0.232873,20086.06,8549.82,1.458722,
47.670734,2843,4810753362184,0.340068,0.234590,20087.63,8575.44,1.449626,
47.687376,2844,4810770130256,0.340211,0.235876,20098.39,8565.68,1.442330,
47.704179,2845,4810786898184,0.340251,0.235567,20102.69,8565.29,1.444392,
47.720903,2846,4810803665072,0.340179,0.230768,20080.04,8562.02,1.474118,
47.737628,2847,4810820432720,0.339941,0.229281,20081.34,8554.36,1.482637,
47.754408,2848,4810837201016,0.340469,0.230618,20079.99,8617.38,1.476335,
47.771268,2849,4810853968552,0.339370,0.230799,20083.02,8626.24,1.470418,
47.788072,2850,4810870736056,0.339758,0.228658,20089.70,8635.26,1.485877,
47.804745,2851,4810887503272,0.339782,0.230376,20087.37,8648.57,1.474905,
47.821605,2852,4810904271032,0.339881,0.230070,20092.64,8614.50,1.477292,
47.838366,2853,4810921039200,0.339544,0.232103,20089.66,8565.63,1.462899,
47.855140,2854,4810937806832,0.339930,0.231976,20089.22,8595.93,1.465362,
47.871811,2855,4810954574592,0.339572,0.230113,20094.71,8577.79,1.475673,
47.888698,2856,4810971341832,0.339731,0.226806,20086.77,8562.14,1.497892,
47.905395,2857,4810988109240,0.339832,0.227062,20085.79,8610.66,1.496654,
47.922175,2858,4811004876816,0.339766,0.228012,20087.50,8562.09,1.490122,
47.938907,2859,4811021645032,0.339405,0.227816,20094.07,8560.32,1.489820,
47.955814,2860,4811038412832,0.339874,0.230015,20085.78,8534.46,1.477620,143
47.972744,2861,4811055180664,0.340009,0.233218,20088.39,8579.69,1.457901,
47.989311,2862,4811071948296,0.339950,0.229122,20089.05,8561.21,1.483704,
48.006056,2863,4811088715976,0.340225,0.229680,20088.84,8575.63,1.481298,
48.022768,2864,4811105483312,0.340140,0.227666,20084.81,8583.51,1.494034,
48.039561,2865,4811122251256,0.340240,0.228530,20088.74,8564.95,1.488819,
48.056303,2866,4811139018168,0.339942,0.231035,20085.40,8584.93,1.471387,
48.073109,2867,4811155786664,0.339952,0.227117,20081.41,8572.15,1.496811,
48.089846,2868,4811172553680,0.339742,0.230350,20089.10,8622.75,1.474894,
48.106577,2869,4811189321200,0.339529,0.232964,20088.41,8643.80,1.457434,
48.123311,2870,4811206089480,0.339319,0.231036,20082.57,8659.08,1.468683,
48.140222,2871,4811222857200,0.339871,0.229274,20081.84,8679.23,1.482380,
48.156962,2872,4811239624072,0.339904,0.232455,20089.93,8646.25,1.462239,
48.173735,2873,4811256392184,0.339625,0.235363,20092.35,8622.73,1.442986,
48.190495,2874,4811273159920,0.339359,0.230347,20079.05,8643.16,1.473254,
48.207202,2875,4811289927704,0.339667,0.232944,20082.11,8623.62,1.458146,
48.223970,2876,4811306695088,0.339424,0.229757,20079.60,8653.54,1.477316,
48.240825,2877,4811323462624,0.339205,0.231245,20083.22,8609.88,1.466866,
48.257559,2878,4811340230976,0.339481,0.233480,20087.58,8639.16,1.454005,
48.274311,2879,4811356998240,0.339341,0.230950,20088.23,8635.67,1.469325,
48.291071,2880,4811373765920,0.339329,0.235634,20083.31,8653.61,1.440069,144
48.307830,2881,4811390533720,0.339197,0.231893,20088.60,8619.71,1.462730,
48.324645,2882,4811407301536,0.339752,0.233244,20087.81,8609.28,1.456635,
48.341375,2883,4811424069240,0.339492,0.229917,20078.41,8635.81,1.476584,
48.358093,2884,4811440836464,0.339439,0.228062,20079.14,8642.28,1.488361,
48.374823,2885,4811457604032,0.340001,0.227024,20076.28,8643.96,1.497642,
48.391635,2886,4811474371352,0.339511,0.231053,20082.44,8661.95,1.469407,
48.408391,2887,4811491139240,0.339625,0.230898,20083.11,8705.66,1.470890,
48.425179,2888,4811507907496,0.339423,0.229674,20083.10,8630.27,1.477845,
48.441971,2889,4811524674296,0.339303,0.230504,20079.23,8677.31,1.472003,
48.458766,2890,4811541442536,0.339368,0.224780,20075.62,8650.32,1.509780,
48.475520,2891,4811558209736,0.339241,0.228699,20071.89,8687.81,1.483352,
48.492320,2892,4811574977496,0.339216,0.227177,20073.56,8695.49,1.493179,
48.509085,2893,4811591745240,0.339586,0.227633,20071.58,8683.66,1.491812,
48.525828,2894,4811608513072,0.339414,0.231608,20082.59,8641.29,1.465468,
48.542585,2895,4811625280272,0.339182,0.231978,20073.11,8639.64,1.462130,
48.559391,2896,4811642048032,0.339170,0.230066,20079.88,8649.68,1.474231,
48.576201,2897,4811658816272,0.339213,0.233498,20078.90,8631.03,1.452742,
48.592960,2898,4811675583536,0.339012,0.229225,20075.47,8625.75,1.478946,
48.609591,2899,4811692351736,0.339303,0.229467,20071.90,8628.49,1.478659,
48.626542,2900,4811709119056,0.339427,0.228927,20077.50,8616.35,1.482683,145
48.643189,2901,4811725886240,0.339315,0.227650,20076.74,8645.57,1.490512,
48.660030,2902,4811742653920,0.339343,0.224695,20079.06,8631.78,1.510239,
48.676789,2903,4811759422272,0.339863,0.225032,20077.20,8635.67,1.510287,
48.693555,2904,4811776189976,0.339300,0.227467,20083.10,8595.41,1.491646,
48.710264,2905,4811792957112,0.339279,0.225958,20076.56,8644.82,1.501513,
48.727044,2906,4811809724944,0.339068,0.225626,20077.18,8638.31,1.502788,
48.743733,2907,4811826492976,0.339582,0.227630,20076.84,8639.10,1.491819,
48.760478,2908,4811843260536,0.339743,0.224926,20087.97,8658.80,1.510462,
48.777245,2909,4811860027720,0.339385,0.226719,20086.70,8632.04,1.496942,
48.794010,2910,4811876796000,0.339770,0.228377,20085.75,8669.15,1.487760,
48.810823,2911,4811893562832,0.339468,0.226966,20087.46,8645.25,1.495675,
48.827564,2912,4811910331072,0.339447,0.233107,20089.02,8618.17,1.456184,
48.844313,2913,4811927098240,0.339473,0.230723,20086.54,8573.02,1.471344,
48.861170,2914,4811943865776,0.339330,0.233696,20091.03,8577.06,1.452017,
48.877964,2915,4811960634240,0.339342,0.230683,20081.64,8583.95,1.471032,
48.894679,2916,4811977401552,0.339327,0.233620,20085.34,8602.15,1.452478,
48.911488,2917,4811994169648,0.339000,0.234030,20082.12,8610.27,1.448527,
48.928211,2918,4812010936592,0.339039,0.230983,20082.63,8575.17,1.467813,
48.945024,2919,4812027704960,0.339460,0.229788,20070.71,8624.82,1.477271,
48.961805,2920,4812044471736,0.339240,0.229280,20080.95,8579.86,1.479591,146
48.978570,2921,4812061240256,0.338750,0.229686,20086.12,8546.37,1.474840,
48.995327,2922,4812078008032,0.339003,0.228403,20086.18,8552.79,1.484233,
49.012059,2923,4812094775072,0.338648,0.231550,20076.38,8551.03,1.462524,
49.028817,2924,4812111543032,0.339306,0.232959,20083.24,8531.80,1.456507,
49.045548,2925,4812128310088,0.339035,0.232585,20088.85,8559.45,1.457682,
49.062410,2926,4812145078552,0.339486,0.230462,20084.37,8581.20,1.473065,
49.079160,2927,4812161846032,0.339061,0.232383,20076.21,8582.37,1.459062,
49.095910,2928,4812178613016,0.339811,0.231395,20083.33,8575.42,1.468532,
49.112605,2929,4812195380704,0.339317,0.232950,20087.19,8582.66,1.456607,
49.129373,2930,4812212149312,0.339449,0.228660,20089.15,8574.95,1.484513,
49.146230,2931,4812228916496,0.339445,0.233275,20084.33,8570.53,1.455129,
49.162967,2932,4812245684184,0.339130,0.234399,20074.52,8539.08,1.446809,
49.179751,2933,4812262452256,0.339304,0.231825,20083.01,8546.01,1.463619,
49.196577,2934,4812279219760,0.339233,0.231077,20079.72,8566.55,1.468049,
49.213244,2935,4812295986704,0.339154,0.231527,20078.75,8547.78,1.464860,
49.229957,2936,4812312754536,0.339158,0.230452,20070.60,8584.38,1.471709,
49.246817,2937,4812329522216,0.338905,0.229936,20084.14,8593.61,1.473906,
49.263641,2938,4812346290088,0.339455,0.231117,20084.39,8576.87,1.468758,
49.280417,2939,4812363058216,0.339655,0.228724,20080.84,8579.68,1.485000,
49.297162,2940,4812379825072,0.339208,0.231606,20082.88,8597.27,1.464590,147
49.313848,2941,4812396592848,0.339439,0.229593,20073.59,8623.77,1.478441,
49.330595,2942,4812413360592,0.338742,0.227302,20071.05,8593.15,1.490271,
49.347345,2943,4812430128536,0.339237,0.225926,20074.28,8603.17,1.501539,
49.364132,2944,4812446896352,0.339346,0.228303,20071.71,8610.96,1.486382,
49.380980,2945,4812463664032,0.339602,0.225568,20078.12,8642.80,1.505545,
49.397673,2946,4812480431072,0.339304,0.225921,20071.43,8588.86,1.501872,
49.414427,2947,4812497198624,0.339209,0.231906,20080.27,8623.76,1.462705,
49.431193,2948,4812513967144,0.339096,0.232314,20073.64,8610.71,1.459644,
49.447956,2949,4812530734144,0.339297,0.231804,20072.13,8618.60,1.463725,
49.464706,2950,4812547502384,0.339169,0.230388,20074.40,8607.54,1.472160,
49.481519,2951,4812564270088,0.339191,0.228810,20075.21,8611.33,1.482412,
49.498287,2952,4812581037568,0.339031,0.226297,20077.24,8596.61,1.498165,
49.515056,2953,4812597805200,0.338852,0.227167,20078.55,8578.72,1.491645,
49.531854,2954,4812614572568,0.338939,0.226972,20075.06,8573.83,1.493305,
49.548669,2955,4812631340240,0.339459,0.225958,20071.65,8571.92,1.502310,
49.565374,2956,4812648107888,0.339486,0.223967,20066.31,8620.16,1.515785,
49.582161,2957,4812664875536,0.339465,0.223139,20069.18,8654.55,1.521316,
49.598897,2958,4812681643352,0.338952,0.228086,20075.31,8625.66,1.486069,
49.615705,2959,4812698411200,0.338940,0.230700,20075.67,8624.22,1.469178,
49.632438,2960,4812715179072,0.339301,0.228882,20074.68,8576.58,1.482423,148
49.649275,2961,4812731946424,0.339588,0.229059,20082.04,8585.03,1.482534,
49.666062,2962,4812748713848,0.339622,0.230739,20080.49,8584.25,1.471892,
49.682775,2963,4812765482056,0.339846,0.228698,20085.77,8552.07,1.486003,
49.699552,2964,4812782249552,0.339494,0.228399,20085.59,8580.74,1.486409,
49.716276,2965,4812799016720,0.339695,0.229503,20088.49,8612.30,1.480134,
49.733054,2966,4812815784960,0.339331,0.229776,20082.16,8604.26,1.476787,
49.750020,2967,4812832552056,0.339184,0.229553,20084.31,8594.98,1.477584,
49.766676,2968,4812849319976,0.339665,0.226847,20081.69,8576.19,1.497329,
49.783442,2969,4812866088016,0.339565,0.228456,20082.11,8565.57,1.486347,
49.800196,2970,4812882855216,0.339650,0.226166,20076.01,8600.11,1.501771,
49.816940,2971,4812899622648,0.339855,0.224652,20077.16,8587.05,1.512808,
49.833658,2972,4812916390056,0.339601,0.227082,20077.54,8553.86,1.495497,
49.850516,2973,4812933158440,0.339796,0.226139,20075.30,8575.57,1.502602,
49.867333,2974,4812949926112,0.339627,0.231047,20075.17,8616.75,1.469948,
49.884078,2975,4812966693904,0.339322,0.225450,20072.42,8623.53,1.505092,
49.900839,2976,4812983460760,0.339374,0.226274,20076.22,8647.79,1.499837,
49.917595,2977,4813000228648,0.339277,0.229887,20074.42,8647.90,1.475842,
49.934300,2978,4813016996888,0.339838,0.229975,20072.24,8651.58,1.477716,
49.951143,2979,4813033763736,0.339688,0.227210,20064.72,8631.48,1.495042,
49.967908,2980,4813050531424,0.339774,0.227442,20074.53,8613.42,1.493894,149
49.984674,2981,4813067299240,0.339419,0.229237,20070.85,8597.38,1.480645,
50.001459,2982,4813084066976,0.339581,0.229424,20075.32,8586.37,1.480142,
50.018111,2983,4813100835216,0.339207,0.228080,20079.36,8598.75,1.487226,
50.034975,2984,4813117602072,0.339427,0.225522,20074.27,8593.63,1.505074,
50.051643,2985,4813134370240,0.339357,0.230109,20087.03,8596.83,1.474768,
50.068477,2986,4813151137944,0.339443,0.228487,20068.15,8596.24,1.485608,
50.085235,2987,4813167905032,0.339639,0.226847,20069.39,8552.91,1.497214,
50.101970,2988,4813184673088,0.339599,0.226194,20072.02,8576.97,1.501365,
50.118728,2989,4813201440568,0.339281,0.225058,20079.46,8543.23,1.507527,
50.135551,2990,4813218208088,0.339702,0.227823,20079.80,8552.00,1.491080,
50.152281,2991,4813234975736,0.339478,0.226090,20075.61,8582.80,1.501514,
50.169086,2992,4813251743552,0.339552,0.226946,20081.67,8572.13,1.496177,
50.185850,2993,4813268511680,0.339447,0.226254,20076.37,8597.45,1.500295,
50.202596,2994,4813285278568,0.339398,0.223499,20069.64,8586.42,1.518568,
50.219472,2995,4813302046848,0.339255,0.225764,20076.51,8633.77,1.502698,
50.236107,2996,4813318814480,0.339426,0.224688,20076.49,8615.89,1.510655,
50.252914,2997,4813335582072,0.339569,0.225560,20075.48,8611.88,1.505446,
50.269664,2998,4813352349976,0.339566,0.227314,20079.48,8614.78,1.493814,
50.286508,2999,4813369117032,0.339196,0.225216,20073.13,8587.38,1.506092,
50.303371,3000,4813385885056,0.339222,0.227218,20072.35,8601.16,1.492933,150
50.320031,3001,4813402652408,0.339660,0.227715,20076.02,8598.14,1.491606,
50.336726,3002,4813419419976,0.339669,0.228084,20073.61,8575.78,1.489230,
50.353527,3003,4813436187648,0.339269,0.225981,20071.97,8633.48,1.501315,
50.370323,3004,4813452956072,0.339177,0.224507,20086.24,8599.08,1.510769,
50.387046,3005,4813469723816,0.339681,0.225896,20081.06,8610.19,1.503701,
50.403828,3006,4813486490736,0.339358,0.227130,20080.37,8645.81,1.494114,
50.420710,3007,4813503258960,0.339691,0.226886,20084.44,8628.01,1.497184,
50.437435,3008,4813520026552,0.339320,0.229685,20080.74,8612.42,1.477327,
50.454221,3009,4813536793480,0.339618,0.228572,20081.11,8582.40,1.485826,
50.470969,3010,4813553561776,0.338780,0.226641,20081.44,8577.47,1.494787,
50.487748,3011,4813570329592,0.339397,0.225655,20079.35,8545.02,1.504053,
50.504520,3012,4813587096792,0.339158,0.227327,20082.25,8581.54,1.491936,
50.521278,3013,4813603865000,0.339053,0.226878,20076.58,8597.54,1.494427,
50.538088,3014,4813620632568,0.339014,0.225162,20071.27,8544.46,1.505644,
50.554801,3015,4813637400240,0.338945,0.229382,20066.93,8559.74,1.477640,
50.571573,3016,4813654167552,0.339337,0.227012,20069.86,8568.92,1.494796,
50.588295,3017,4813670935736,0.339092,0.228802,20070.68,8506.05,1.482032,
50.605004,3018,4813687702592,0.338788,0.227665,20072.17,8529.02,1.488097,
50.621876,3019,4813704470240,0.338713,0.227914,20070.32,8557.09,1.486148,
50.638532,3020,4813721238592,0.339145,0.226430,20074.93,8520.13,1.497789,151
50.655337,3021,4813738006168,0.338861,0.223242,20074.30,8494.07,1.517912,
50.672084,3022,4813754773072,0.339233,0.225748,20082.73,8515.96,1.502706,
50.688880,3023,4813771541216,0.339565,0.224818,20075.96,8505.15,1.510399,
50.705596,3024,4813788309016,0.339409,0.223468,20086.95,8525.50,1.518826,
50.722534,3025,4813805076512,0.338951,0.226210,20072.91,8543.81,1.498389,
50.739252,3026,4813821844056,0.339098,0.226511,20073.31,8524.55,1.497049,
50.755985,3027,4813838612312,0.339103,0.228933,20068.61,8540.91,1.481234,
50.772721,3028,4813855379296,0.338721,0.227477,20071.28,8532.76,1.489032,
50.789525,3029,4813872146760,0.339055,0.223596,20067.22,8511.94,1.516376,
50.806248,3030,4813888915072,0.339245,0.226782,20076.60,8542.62,1.495905,
50.822964,3031,4813905682736,0.338673,0.228072,20068.36,8579.58,1.484940,
50.839871,3032,4813922450568,0.339389,0.225438,20078.87,8591.28,1.505467,
50.856620,3033,4813939217568,0.339201,0.223716,20082.09,8638.68,1.516209,
50.873253,3034,4813955985792,0.339394,0.224270,20081.93,8620.33,1.513327,
50.890102,3035,4813972752720,0.339288,0.226590,20075.44,8624.62,1.497364,
50.906862,3036,4813989520480,0.339402,0.227228,20077.78,8609.50,1.493661,
50.923587,3037,4814006288056,0.339237,0.228943,20081.35,8628.33,1.481753,
50.940309,3038,4814023055816,0.339199,0.224534,20074.59,8591.58,1.510677,
50.957196,3039,4814039824240,0.339080,0.224851,20084.92,8615.01,1.508026,
50.973941,3040,4814056591032,0.339093,0.227276,20075.54,8623.95,1.491986,152
50.990731,3041,4814073358624,0.339382,0.227097,20084.12,8590.28,1.494439,
51.007452,3042,4814090126512,0.339477,0.225318,20081.63,8586.75,1.506660,
51.024260,3043,4814106894480,0.339606,0.222499,20068.54,8566.12,1.526327,
51.041008,3044,4814123661592,0.339562,0.225241,20082.30,8614.45,1.507547,
51.057749,3045,4814140429960,0.339704,0.224035,20070.89,8561.72,1.516294,
51.074522,3046,4814157197832,0.339204,0.226144,20080.65,8624.86,1.499948,
51.091349,3047,4814173964720,0.339686,0.224852,20076.30,8650.92,1.510711,
51.108137,3048,4814190732720,0.339851,0.227005,20078.83,8644.47,1.497109,
51.124920,3049,4814207500240,0.339564,0.226605,20084.44,8628.51,1.498487,
51.141584,3050,4814224268000,0.339086,0.227428,20088.43,8609.84,1.490960,
51.158352,3051,4814241035704,0.339426,0.229535,20083.67,8596.15,1.478755,
51.181107,3052,4814257803496,0.339681,0.227535,20083.32,8584.03,1.492870,
51.191863,3053,4814274570792,0.339511,0.231092,20080.65,8613.52,1.469162,
51.208667,3054,4814291338808,0.339840,0.231759,20086.04,8656.33,1.466350,
51.225396,3055,4814308105888,0.339552,0.227536,20082.18,8632.12,1.492297,
51.242186,3056,4814324874016,0.340083,0.229173,20083.81,8637.82,1.483958,
51.258994,3057,4814341641760,0.339807,0.230220,20087.88,8597.29,1.476012,
51.275703,3058,4814358409144,0.339884,0.229906,20083.01,8622.31,1.478360,
51.292474,3059,4814375177200,0.339615,0.231115,20090.27,8597.40,1.469460,
51.309280,3060,4814391944760,0.339978,0.233656,20084.59,8583.94,1.455033,153
51.326138,3061,4814408711848,0.340117,0.233282,20082.90,8605.79,1.457964,
51.342783,3062,4814425479536,0.339914,0.226857,20079.35,8624.76,1.498366,
51.359521,3063,4814442247592,0.340134,0.226592,20081.36,8626.15,1.501087,
51.376403,3064,4814459015056,0.340001,0.228707,20088.61,8631.73,1.486620,
51.393134,3065,4814475782704,0.340383,0.224163,20092.13,8600.84,1.518461,
51.409812,3066,4814492550552,0.340203,0.225326,20079.18,8613.94,1.509825,
51.426744,3067,4814509318216,0.340410,0.226436,20084.92,8662.60,1.503337,
51.443403,3068,4814526085704,0.340300,0.228877,20077.50,8637.01,1.486826,
51.460117,3069,4814542853424,0.340465,0.226367,20076.54,8661.06,1.504037,
51.476939,3070,4814559621680,0.340413,0.225886,20081.87,8629.86,1.507014,
51.493733,3071,4814576389200,0.340242,0.225713,20080.12,8603.12,1.507411,
51.510538,3072,4814593157032,0.340232,0.226205,20079.94,8585.91,1.504089,
51.527312,3073,4814609924664,0.340528,0.232221,20085.59,8597.98,1.466394,
51.544037,3074,4814626691816,0.340757,0.232956,20081.25,8607.76,1.462752,
51.560842,3075,4814643459224,0.340761,0.230187,20081.65,8575.84,1.480364,
51.577617,3076,4814660227056,0.340554,0.234270,20078.62,8596.13,1.453679,
51.594327,3077,4814676994552,0.340722,0.230924,20071.35,8599.74,1.475471,
51.611181,3078,4814693762072,0.340732,0.228899,20081.09,8572.26,1.488572,
51.627876,3079,4814710530032,0.340426,0.229072,20076.38,8582.45,1.486105,
51.644673,3080,4814727298000,0.340347,0.227505,20072.87,8585.83,1.496001,154
51.661502,3081,4814744065512,0.340628,0.228598,20083.61,8570.62,1.490072,
51.678197,3082,4814760833480,0.340768,0.231027,20069.66,8603.44,1.475015,
51.694978,3083,4814777601088,0.340697,0.231543,20078.70,8638.41,1.471420,
51.711701,3084,4814794368272,0.340711,0.229962,20064.77,8623.66,1.481597,
51.728426,3085,4814811136056,0.340926,0.225094,20069.03,8609.47,1.514596,
51.745339,3086,4814827904088,0.340999,0.226992,20069.35,8587.65,1.502255,
51.762004,3087,4814844671496,0.341178,0.228686,20065.26,8570.55,1.491907,
51.778724,3088,4814861439552,0.340879,0.230128,20065.27,8586.89,1.481261,
51.795505,3089,4814878207000,0.340849,0.231459,20062.09,8531.66,1.472611,
51.812255,3090,4814894974680,0.341557,0.230696,20068.25,8556.97,1.480549,
51.829043,3091,4814911741736,0.340977,0.227950,20068.52,8565.04,1.495840,
51.845845,3092,4814928510144,0.341161,0.228846,20071.62,8548.22,1.490788,
51.862661,3093,4814945277112,0.341579,0.225575,20070.89,8527.47,1.514258,
51.879457,3094,4814962045056,0.341189,0.227271,20061.16,8538.36,1.501242,
51.896158,3095,4814978812720,0.340704,0.229527,20065.05,8546.85,1.484374,
51.912881,3096,4814995580480,0.341195,0.231296,20071.33,8558.56,1.475149,
51.929630,3097,4815012348512,0.340849,0.226994,20067.29,8548.21,1.501581,
51.946469,3098,4815029115848,0.341437,0.228571,20058.57,8533.72,1.493786,
51.963181,3099,4815045883592,0.341401,0.230920,20068.01,8546.05,1.478441,
51.979987,3100,4815062651016,0.341579,0.230684,20074.26,8575.69,1.480721,155
51.996791,3101,4815079418608,0.341600,0.230769,20064.86,8571.90,1.480271,
52.013552,3102,4815096186592,0.341608,0.230470,20067.65,8564.51,1.482226,
52.030222,3103,4815112954216,0.341791,0.225871,20065.14,8562.60,1.513213,
52.047061,3104,4815129722032,0.341403,0.227489,20060.91,8558.36,1.500749,
52.063761,3105,4815146488976,0.341587,0.227634,20059.83,8569.90,1.500599,
52.080567,3106,4815163257000,0.342090,0.227975,20066.54,8578.76,1.500557,
52.097380,3107,4815180024256,0.341534,0.229790,20052.36,8569.56,1.486292,
52.114069,3108,4815196792608,0.341553,0.226673,20061.50,8576.33,1.506812,
52.130819,3109,4815213560000,0.341688,0.228704,20069.68,8566.69,1.494017,
52.147606,3110,4815230327568,0.341830,0.227002,20063.44,8593.98,1.505847,
52.164370,3111,4815247095112,0.342055,0.227075,20059.00,8605.20,1.506349,
52.181175,3112,4815263863056,0.341893,0.229296,20056.70,8607.74,1.491054,
52.197928,3113,4815280630296,0.341742,0.228466,20054.96,8571.98,1.495813,
52.214757,3114,4815297398568,0.341707,0.230385,20058.06,8554.59,1.483199,
52.231554,3115,4815314166328,0.341983,0.227956,20060.85,8562.55,1.500216,
52.248200,3116,4815330933592,0.341967,0.228953,20058.39,8597.57,1.493611,
52.264965,3117,4815347701720,0.341962,0.230554,20051.17,8609.80,1.483222,
52.281739,3118,4815364468480,0.341839,0.230522,20057.94,8546.80,1.482889,
52.298515,3119,4815381236736,0.342262,0.231557,20053.49,8574.48,1.478086,
52.315342,3120,4815398004000,0.342539,0.230731,20057.36,8577.79,1.484582,156
52.332122,3121,4815414771680,0.342291,0.227474,20060.61,8537.97,1.504750,
52.348852,3122,4815431539056,0.341715,0.228666,20066.30,8563.63,1.494386,
52.365599,3123,4815448306736,0.341974,0.226280,20062.18,8578.62,1.511285,
52.382354,3124,4815465075088,0.342342,0.229567,20054.65,8610.83,1.491252,
52.399093,3125,4815481842960,0.342680,0.228855,20047.49,8596.47,1.497363,
52.415952,3126,4815498610328,0.342224,0.226791,20061.09,8563.12,1.508983,
52.432713,3127,4815515378240,0.342389,0.224375,20057.85,8596.01,1.525968,
52.449429,3128,4815532145296,0.342235,0.223868,20055.65,8608.97,1.528738,
52.466217,3129,4815548912720,0.342102,0.224140,20069.03,8610.11,1.526289,
52.482992,3130,4815565681088,0.341760,0.229169,20069.72,8595.07,1.491298,
52.499736,3131,4815582448200,0.342610,0.229230,20056.30,8582.00,1.494611,
52.516506,3132,4815599216112,0.342200,0.229095,20059.42,8599.19,1.493700,
52.533339,3133,4815615984056,0.342320,0.227375,20056.38,8571.69,1.505534,
52.550070,3134,4815632750976,0.342380,0.224718,20053.01,8516.26,1.523596,
52.566848,3135,4815649519200,0.341911,0.224499,20065.33,8540.38,1.522995,
52.583624,3136,4815666287072,0.342198,0.223124,20055.07,8560.70,1.533662,
52.600377,3137,4815683054352,0.342237,0.227209,20058.16,8571.09,1.506262,
52.617120,3138,4815699821944,0.342536,0.228196,20056.99,8591.82,1.501060,
52.633883,3139,4815716589536,0.342424,0.231183,20045.33,8636.58,1.481178,
52.650742,3140,4815733357568,0.342377,0.225239,20053.15,8554.04,1.520061,157
52.667520,3141,4815750125216,0.342061,0.223035,20058.05,8572.95,1.533662,
52.684265,3142,4815766893016,0.342201,0.220084,20053.88,8609.70,1.554864,
52.701042,3143,4815783660256,0.341661,0.226200,20059.34,8621.19,1.510439,
52.717759,3144,4815800427976,0.342167,0.227871,20061.97,8637.08,1.501585,
52.734527,3145,4815817196056,0.342185,0.227594,20057.89,8633.43,1.503489,
52.751271,3146,4815833963256,0.342255,0.225245,20056.09,8639.62,1.519476,
52.768092,3147,4815850731272,0.341909,0.229384,20058.55,8620.35,1.490555,
52.784873,3148,4815867498944,0.341897,0.229777,20061.25,8597.49,1.487953,
52.801636,3149,4815884266736,0.341912,0.229122,20057.07,8638.34,1.492269,
52.818352,3150,4815901034072,0.342107,0.227832,20059.02,8660.00,1.501578,
52.835146,3151,4815917802056,0.342613,0.228604,20050.14,8630.08,1.498722,
52.851893,3152,4815934569464,0.341975,0.226169,20055.67,8645.83,1.512036,
52.868653,3153,4815951337272,0.342047,0.227925,20048.87,8594.25,1.500702,
52.885431,3154,4815968105072,0.342249,0.223583,20052.45,8568.08,1.530743,
52.902180,3155,4815984872720,0.342260,0.222200,20049.00,8598.03,1.540327,
52.918957,3156,4816001639568,0.341917,0.222736,20048.41,8565.97,1.535079,
52.935746,3157,4816018407240,0.342104,0.226082,20058.57,8562.94,1.513183,
52.952498,3158,4816035175200,0.342702,0.226660,20050.47,8611.67,1.511967,
52.969297,3159,4816051942832,0.342335,0.228612,20057.61,8602.92,1.497450,
52.986041,3160,4816068710592,0.342679,0.227660,20061.64,8561.68,1.505225,158
53.002825,3161,4816085478240,0.342256,0.226448,20053.48,8583.14,1.511412,
53.019542,3162,4816102246088,0.342493,0.228913,20055.94,8593.69,1.496168,
53.036329,3163,4816119013184,0.342543,0.225322,20061.39,8553.96,1.520234,
53.053082,3164,4816135781464,0.342249,0.227199,20055.46,8558.79,1.506380,
53.069887,3165,4816152548720,0.342283,0.227336,20057.59,8592.51,1.505627,
53.086631,3166,4816169316848,0.342425,0.228067,20059.51,8626.27,1.501422,
53.103338,3167,4816186083792,0.341919,0.229838,20055.06,8618.33,1.487654,
53.120154,3168,4816202851760,0.342285,0.228130,20061.06,8612.49,1.500395,
53.136971,3169,4816219619216,0.341992,0.228475,20053.19,8570.02,1.496844,
53.153685,3170,4816236387240,0.342240,0.230390,20061.59,8558.48,1.485482,
53.170547,3171,4816253155256,0.342088,0.226866,20061.86,8608.23,1.507884,
53.187231,3172,4816269922960,0.342174,0.227476,20066.36,8621.59,1.504217,
53.204067,3173,4816286689944,0.342117,0.229994,20066.05,8659.94,1.487507,
53.220764,3174,4816303458312,0.342859,0.224587,20058.43,8594.27,1.526620,
53.237533,3175,4816320225720,0.341940,0.230622,20075.79,8629.59,1.482685,
53.254307,3176,4816336993184,0.342053,0.229618,20082.96,8627.28,1.489658,
53.271056,3177,4816353761016,0.341901,0.226754,20082.43,8605.42,1.507804,
53.287829,3178,4816370528088,0.342286,0.228694,20081.66,8575.79,1.496703,
53.304569,3179,4816387296088,0.342329,0.227215,20070.97,8626.12,1.506630,
53.321373,3180,4816404063552,0.341864,0.226274,20066.99,8596.40,1.510839,159
53.338251,3181,4816420831736,0.341973,0.227662,20069.18,8609.84,1.502104,
53.354930,3182,4816437598736,0.342319,0.227904,20077.66,8609.97,1.502036,
53.371676,3183,4816454367088,0.342012,0.230376,20078.06,8575.98,1.484583,
53.388440,3184,4816471134168,0.342035,0.231016,20075.03,8603.14,1.480566,
53.405228,3185,4816487901664,0.342359,0.228487,20082.38,8629.88,1.498378,
53.421976,3186,4816504669512,0.342249,0.226595,20078.40,8636.05,1.510398,
53.438847,3187,4816521437240,0.342054,0.223462,20082.02,8604.91,1.530704,
53.455654,3188,4816538205552,0.342311,0.225431,20082.25,8578.05,1.518475,
53.472289,3189,4816554972920,0.342191,0.229796,20079.03,8579.63,1.489109,
53.489046,3190,4816571740552,0.342534,0.230018,20083.48,8637.16,1.489161,
53.505818,3191,4816588507680,0.342394,0.228237,20089.20,8592.36,1.500172,
53.522565,3192,4816605275424,0.342432,0.229856,20072.44,8560.00,1.489767,
53.539412,3193,4816622043216,0.342097,0.231034,20072.06,8604.29,1.480724,
53.556200,3194,4816638811272,0.342345,0.232142,20085.62,8605.62,1.474722,
53.572866,3195,4816655578512,0.342287,0.228433,20089.73,8635.18,1.498413,
53.589711,3196,4816672346088,0.342101,0.229506,20082.74,8619.77,1.490595,
53.606462,3197,4816689114056,0.342190,0.227604,20078.44,8619.91,1.503442,
53.623210,3198,4816705882000,0.342180,0.225653,20074.96,8600.57,1.516395,
53.639962,3199,4816722649144,0.342578,0.224681,20077.95,8616.38,1.524733,
53.656751,3200,4816739417512,0.342422,0.222919,20079.90,8570.36,1.536082,160
53.673476,3201,4816756184736,0.341983,0.227008,20080.68,8565.53,1.506475,
53.690228,3202,4816772952760,0.342328,0.226450,20075.97,8605.76,1.511716,
53.707067,3203,4816789719704,0.341942,0.222012,20080.59,8579.76,1.540197,
53.723825,3204,4816806487272,0.342089,0.224364,20088.04,8580.95,1.524703,
53.740579,3205,4816823255056,0.342350,0.224406,20079.12,8568.77,1.525586,
53.757328,3206,4816840023272,0.342320,0.230076,20080.88,8553.68,1.487852,
53.774100,3207,4816856790216,0.342511,0.226666,20084.40,8570.01,1.511083,
53.790931,3208,4816873558144,0.342124,0.231146,20083.56,8546.36,1.480118,
53.807670,3209,4816890326168,0.342493,0.230787,20085.11,8555.97,1.484018,
53.824452,3210,4816907093960,0.341949,0.228718,20085.98,8571.85,1.495067,
53.841262,3211,4816923861496,0.342053,0.226519,20082.28,8554.04,1.510041,
53.858010,3212,4816940629032,0.342195,0.223660,20089.08,8603.83,1.529982,
53.874700,3213,4816957396720,0.341981,0.224601,20079.09,8633.74,1.522611,
53.891596,3214,4816974163944,0.341917,0.229030,20073.84,8630.86,1.492891,
53.908343,3215,4816990932240,0.342438,0.226935,20084.06,8587.19,1.508970,
53.925033,3216,4817007699904,0.342605,0.229687,20093.12,8609.86,1.491622,
53.941791,3217,4817024467240,0.342812,0.227789,20090.91,8594.02,1.504954,
53.958602,3218,4817041234888,0.341951,0.227424,20086.12,8537.32,1.503582,
53.975365,3219,4817058002112,0.341542,0.227888,20080.97,8468.97,1.498728,
53.992263,3220,4817074769944,0.341788,0.230224,20078.68,8517.14,1.484588,161
54.008912,3221,4817091537720,0.341947,0.226205,20079.07,8500.18,1.511670,
54.025676,3222,4817108305088,0.342013,0.228874,20104.45,8499.80,1.494332,
54.042398,3223,4817125073216,0.342401,0.229524,20084.22,8547.71,1.491789,
54.059226,3224,4817141840592,0.342544,0.229775,20090.54,8582.01,1.490777,
54.075915,3225,4817158609016,0.342717,0.231112,20091.48,8586.06,1.482901,
54.092804,3226,4817175376016,0.342170,0.231263,20084.11,8615.39,1.479570,
54.109542,3227,4817192144240,0.342370,0.230259,20087.82,8562.17,1.486887,
54.126371,3228,4817208911088,0.342391,0.228086,20088.56,8560.77,1.501145,
54.143011,3229,4817225679272,0.342008,0.229968,20091.60,8551.88,1.487202,
54.159884,3230,4817242447072,0.341945,0.228957,20097.75,8599.58,1.493492,
54.176551,3231,4817259214200,0.342266,0.231532,20099.68,8599.60,1.478267,
54.193358,3232,4817275982072,0.342239,0.231476,20091.73,8551.84,1.478512,
54.210096,3233,4817292749680,0.342015,0.236422,20078.87,8607.29,1.446627,
54.226874,3234,4817309517832,0.342570,0.233385,20076.24,8668.54,1.467835,
54.243611,3235,4817326285144,0.341901,0.232747,20080.72,8631.82,1.468980,
54.260375,3236,4817343052352,0.342051,0.236685,20083.30,8610.48,1.445174,
54.277157,3237,4817359820576,0.342072,0.233200,20091.63,8638.64,1.466861,
54.293940,3238,4817376588552,0.342145,0.232764,20094.91,8639.04,1.469921,
54.310702,3239,4817393355704,0.341932,0.233693,20085.05,8628.51,1.463168,
54.327518,3240,4817410123352,0.342130,0.230595,20095.95,8619.69,1.483689,162
54.344312,3241,4817426890592,0.341975,0.234043,20085.31,8594.30,1.461165,
54.360990,3242,4817443659088,0.341847,0.234052,20087.30,8590.64,1.460559,
54.377741,3243,4817460425920,0.341693,0.234517,20083.09,8605.63,1.457006,
54.394514,3244,4817477194552,0.342173,0.234240,20092.31,8609.15,1.460779,
54.411360,3245,4817493961256,0.341922,0.233148,20098.89,8568.34,1.466545,
54.428178,3246,4817510729848,0.341839,0.232429,20090.34,8594.73,1.470723,
54.444830,3247,4817527496720,0.341991,0.234652,20090.08,8604.53,1.457437,
54.461686,3248,4817544265088,0.342089,0.228837,20082.94,8591.16,1.494901,
54.478468,3249,4817561032720,0.341750,0.230247,20090.31,8650.46,1.484275,
54.495204,3250,4817577799664,0.341573,0.231571,20088.65,8626.19,1.475027,
54.511935,3251,4817594567216,0.341655,0.228477,20089.51,8642.96,1.495357,
54.528727,3252,4817611335352,0.341997,0.230197,20091.45,8671.37,1.485666,
54.545469,3253,4817628103184,0.341905,0.229703,20090.59,8623.36,1.488464,
54.562248,3254,4817644870720,0.341684,0.228756,20090.81,8617.30,1.493660,
54.579055,3255,4817661638536,0.341899,0.228325,20088.33,8651.33,1.497423,
54.595790,3256,4817678406072,0.340983,0.227473,20090.46,8648.06,1.499005,
54.612555,3257,4817695174072,0.340960,0.223858,20097.77,8654.05,1.523109,
54.629377,3258,4817711941592,0.341290,0.221021,20088.73,8681.38,1.544155,
54.646077,3259,4817728709256,0.341837,0.225827,20081.08,8715.48,1.513711,
54.662862,3260,4817745476664,0.341312,0.227391,20090.27,8673.20,1.500991,163
54.679697,3261,4817762244240,0.341993,0.230672,20087.52,8704.42,1.482592,
54.696407,3262,4817779012408,0.341282,0.229385,20093.06,8648.57,1.487814,
54.713163,3263,4817795779480,0.341396,0.231041,20103.53,8619.98,1.477641,
54.729919,3264,4817812547072,0.341313,0.232142,20094.72,8629.03,1.470279,
54.746672,3265,4817829315016,0.341344,0.231248,20089.72,8627.76,1.476096,
54.763514,3266,4817846082736,0.341780,0.226099,20079.83,8634.87,1.511642,
54.780231,3267,4817862849832,0.341934,0.228925,20079.05,8643.28,1.493653,
54.797109,3268,4817879618056,0.342387,0.232623,20078.98,8668.19,1.471857,
54.813689,3269,4817896385240,0.341377,0.228964,20084.77,8667.22,1.490965,
54.830509,3270,4817913153608,0.341355,0.233180,20092.72,8676.65,1.463911,
54.847240,3271,4817929921216,0.341600,0.233068,20088.52,8674.79,1.465668,
54.863949,3272,4817946688328,0.341353,0.231257,20082.83,8648.81,1.476077,
54.880728,3273,4817963456568,0.341404,0.230076,20088.43,8608.17,1.483874,
54.897536,3274,4817980224200,0.341847,0.228224,20078.69,8605.89,1.497855,
54.914341,3275,4817996991224,0.342127,0.229335,20069.13,8652.68,1.491821,
54.931059,3276,4818013759032,0.341117,0.231915,20079.13,8665.67,1.470873,
54.947844,3277,4818030527240,0.340965,0.233034,20091.84,8650.59,1.463155,
54.964587,3278,4818047294776,0.341522,0.233235,20081.45,8650.20,1.464283,
54.982104,3279,4818064061736,0.341674,0.230155,20068.03,8675.26,1.484542,
54.998274,3280,4818080829592,0.341583,0.230253,20067.98,8694.65,1.483513,164
55.014874,3281,4818097597240,0.341554,0.228164,20074.71,8685.67,1.496966,
55.031644,3282,4818114364920,0.341572,0.227386,20081.92,8719.25,1.502173,
55.048390,3283,4818131133032,0.341345,0.233167,20075.16,8733.70,1.463950,
55.065171,3284,4818147900464,0.341829,0.235393,20069.93,8740.14,1.452164,
55.081971,3285,4818164667904,0.341429,0.233629,20079.51,8711.74,1.461417,
55.098782,3286,4818181436016,0.341802,0.231693,20079.75,8654.05,1.475240,
55.115576,3287,4818198203408,0.341455,0.234894,20069.41,8653.95,1.453659,
55.132288,3288,4818214970976,0.341731,0.233000,20073.77,8642.55,1.466655,
55.149096,3289,4818231739216,0.341796,0.231428,20076.22,8672.15,1.476901,
55.165899,3290,4818248505944,0.341320,0.234358,20079.33,8680.84,1.456402,
55.182634,3291,4818265274200,0.341246,0.234625,20087.11,8654.87,1.454432,
55.199335,3292,4818282042016,0.341870,0.230459,20065.57,8679.92,1.483434,
55.216171,3293,4818298809680,0.341521,0.232501,20064.73,8621.00,1.468900,
55.232963,3294,4818315577032,0.341758,0.230335,20077.77,8641.80,1.483744,
55.249677,3295,4818332344648,0.341320,0.228572,20081.43,8624.79,1.493273,
55.266439,3296,4818349112352,0.341242,0.232945,20080.66,8566.62,1.464908,
55.283200,3297,4818365880072,0.341812,0.229271,20072.06,8580.10,1.490864,
55.299964,3298,4818382648072,0.341597,0.231162,20070.26,8625.00,1.477736,
55.316766,3299,4818399415168,0.341798,0.225927,20079.87,8675.94,1.512866,
55.333613,3300,4818416183072,0.341685,0.228225,20068.24,8704.48,1.497141,165
55.350367,3301,4818432951112,0.341666,0.226299,20073.33,8702.07,1.509799,
55.367059,3302,4818449718760,0.340974,0.227891,20078.47,8646.87,1.496213,
55.383767,3303,4818466486072,0.341530,0.226279,20080.51,8657.43,1.509329,
55.400581,3304,4818483253256,0.341686,0.228635,20071.26,8661.61,1.494459,
55.417308,3305,4818500021552,0.341536,0.230999,20069.25,8660.98,1.478517,
55.434062,3306,4818516789016,0.341655,0.233490,20074.34,8697.54,1.463253,
55.450876,3307,4818533556680,0.342136,0.231297,20074.97,8665.31,1.479206,
55.467641,3308,4818550324568,0.341699,0.234957,20077.33,8644.98,1.454305,
55.484402,3309,4818567091704,0.341378,0.234788,20077.22,8603.02,1.453981,
55.501221,3310,4818583860072,0.342004,0.235184,20076.81,8638.66,1.454197,
55.517948,3311,4818600626792,0.341836,0.233263,20069.46,8602.64,1.465453,
55.534797,3312,4818617394608,0.341885,0.234206,20073.59,8590.72,1.459762,
55.551552,3313,4818634162240,0.341145,0.234911,20073.98,8618.27,1.452229,
55.568266,3314,4818650930592,0.341138,0.233316,20071.10,8616.53,1.462125,
55.585090,3315,4818667697848,0.341541,0.237295,20067.48,8606.10,1.439312,
55.601864,3316,4818684465648,0.341878,0.234428,20066.91,8648.39,1.458350,
55.618622,3317,4818701233216,0.341686,0.232632,20079.63,8579.99,1.468781,
55.635380,3318,4818718000832,0.341712,0.231855,20067.73,8589.68,1.473820,
55.652115,3319,4818734768760,0.341832,0.229816,20074.77,8605.95,1.487412,
55.668897,3320,4818751535960,0.341884,0.229113,20077.43,8599.45,1.492208,166
55.685693,3321,4818768303720,0.341922,0.230624,20084.05,8584.94,1.482591,
55.702470,3322,4818785071072,0.341997,0.230181,20076.35,8588.01,1.485774,
55.719171,3323,4818801839272,0.342179,0.229864,20080.60,8599.82,1.488616,
55.735950,3324,4818818606944,0.342303,0.232885,20075.39,8648.29,1.469838,
55.752793,3325,4818835374216,0.341787,0.231525,20073.63,8616.47,1.476239,
55.769496,3326,4818852142056,0.341663,0.232077,20078.52,8592.92,1.472199,
55.786214,3327,4818868910328,0.341567,0.229012,20071.43,8608.35,1.491478,
55.802986,3328,4818885677072,0.341847,0.227138,20083.20,8610.10,1.505021,
55.819788,3329,4818902445624,0.341481,0.227400,20088.54,8562.28,1.501672,
55.836566,3330,4818919212960,0.342312,0.231333,20077.48,8547.07,1.479739,
55.853352,3331,4818935980240,0.341503,0.229128,20076.35,8582.94,1.490449,
55.870128,3332,4818952747888,0.341381,0.228876,20079.51,8617.06,1.491552,
55.886931,3333,4818969516216,0.341727,0.232618,20077.84,8569.89,1.469049,
55.903647,3334,4818986283088,0.342220,0.230076,20083.65,8547.76,1.487422,
55.920438,3335,4819003051184,0.341935,0.233874,20092.72,8574.66,1.462050,
55.937182,3336,4819019819032,0.341703,0.231705,20086.84,8618.57,1.474736,
55.953936,3337,4819036586144,0.341512,0.232702,20088.35,8600.70,1.467594,
55.970723,3338,4819053354016,0.342161,0.232298,20084.23,8589.32,1.472939,
55.987557,3339,4819070121680,0.341807,0.230509,20080.72,8596.58,1.482836,
56.004219,3340,4819086889056,0.341738,0.232980,20082.83,8580.46,1.466813,167
56.021004,3341,4819103657016,0.342228,0.232571,20080.88,8599.32,1.471498,
56.037835,3342,4819120425056,0.341903,0.232603,20089.82,8630.02,1.469896,
56.054593,3343,4819137192240,0.341449,0.230206,20087.60,8598.53,1.483235,
56.071420,3344,4819153960072,0.342142,0.228117,20088.81,8597.66,1.499850,
56.088157,3345,4819170727720,0.342302,0.233308,20075.48,8609.75,1.467164,
56.104929,3346,4819187494960,0.341783,0.231314,20079.08,8598.84,1.477569,
56.121734,3347,4819204263144,0.341871,0.230554,20075.77,8635.32,1.482819,
56.138453,3348,4819221030736,0.342253,0.231859,20082.64,8608.84,1.476125,
56.155175,3349,4819237798200,0.343003,0.229444,20077.06,8590.25,1.494932,
56.171993,3350,4819254566016,0.342295,0.233679,20080.68,8619.49,1.464810,
56.188694,3351,4819271334184,0.342000,0.231946,20068.12,8591.81,1.474485,
56.205509,3352,4819288101568,0.341686,0.231786,20071.58,8631.56,1.474144,
56.222280,3353,4819304869144,0.341933,0.232316,20074.25,8664.77,1.471847,
56.239071,3354,4819321637000,0.341927,0.231337,20069.18,8669.99,1.478050,
56.255818,3355,4819338404776,0.342135,0.231845,20066.37,8635.35,1.475709,
56.272509,3356,4819355171976,0.342118,0.232676,20073.32,8691.19,1.470363,
56.289285,3357,4819371939680,0.342225,0.231574,20068.07,8663.40,1.477824,
56.306028,3358,4819388707312,0.341845,0.231109,20074.82,8650.90,1.479151,
56.322869,3359,4819405474704,0.342247,0.226465,20072.69,8649.73,1.511255,
56.339601,3360,4819422243088,0.342127,0.229109,20065.75,8684.18,1.493295,168
56.356381,3361,4819439010200,0.341785,0.229404,20060.54,8644.38,1.489884,
56.373150,3362,4819455777960,0.342645,0.229599,20074.04,8679.79,1.492359,
56.389884,3363,4819472545168,0.342197,0.230402,20068.52,8684.87,1.485220,
56.406651,3364,4819489313032,0.342931,0.228388,20064.33,8737.93,1.501525,
56.423393,3365,4819506081368,0.341957,0.227100,20073.43,8705.29,1.505755,
56.440181,3366,4819522848464,0.342210,0.233638,20073.47,8690.56,1.464704,
56.456998,3367,4819539615848,0.342396,0.229336,20069.91,8657.66,1.492987,
56.473734,3368,4819556384184,0.342196,0.229373,20067.38,8661.15,1.491873,
56.490485,3369,4819573151496,0.341833,0.226121,20066.76,8661.21,1.511722,
56.507215,3370,4819589919032,0.341878,0.226872,20062.81,8629.39,1.506924,
56.524016,3371,4819606687200,0.342373,0.227076,20070.50,8607.10,1.507742,
56.540814,3372,4819623454536,0.342778,0.226341,20058.64,8673.22,1.514430,
56.557541,3373,4819640221736,0.342671,0.225527,20061.96,8688.35,1.519427,
56.574326,3374,4819656989512,0.341546,0.224109,20064.72,8666.05,1.524016,
56.591205,3375,4819673757168,0.341956,0.223005,20062.48,8674.16,1.533402,
56.607865,3376,4819690525072,0.341559,0.225854,20063.53,8670.98,1.512300,
56.624628,3377,4819707292736,0.342529,0.226754,20068.38,8641.28,1.510574,
56.641400,3378,4819724060480,0.342083,0.224701,20069.11,8631.00,1.522388,
56.658165,3379,4819740828200,0.342365,0.228916,20067.00,8641.25,1.495591,
56.674900,3380,4819757595888,0.341976,0.228672,20065.30,8697.47,1.495489,169
56.691731,3381,4819774363200,0.342070,0.227987,20066.21,8690.67,1.500397,
56.708443,3382,4819791130760,0.342304,0.225141,20069.64,8653.51,1.520398,
56.725252,3383,4819807899016,0.342362,0.224785,20074.00,8674.14,1.523065,
56.741972,3384,4819824666088,0.342821,0.226466,20078.95,8653.40,1.513788,
56.758773,3385,4819841433960,0.342014,0.226262,20069.97,8646.82,1.511585,
56.775544,3386,4819858201960,0.341739,0.227008,20075.10,8650.50,1.505404,
56.792344,3387,4819874969512,0.341966,0.223778,20073.90,8673.31,1.528149,
56.809133,3388,4819891737168,0.342327,0.226231,20073.08,8664.13,1.513174,
56.825864,3389,4819908504832,0.341733,0.228417,20075.48,8643.92,1.496093,
56.842609,3390,4819925272648,0.341789,0.230288,20077.70,8626.01,1.484180,
56.859415,3391,4819942039720,0.342416,0.229488,20078.50,8644.52,1.492091,
56.876234,3392,4819958808088,0.341733,0.230516,20075.88,8712.74,1.482472,
56.892894,3393,4819975574960,0.341976,0.230258,20078.85,8691.67,1.485188,
56.909706,3394,4819992343088,0.341688,0.231430,20081.01,8699.74,1.476419,
56.926593,3395,4820009110704,0.341914,0.232214,20074.41,8686.66,1.472413,
56.943334,3396,4820025878000,0.341782,0.231356,20078.02,8653.21,1.477298,
56.960113,3397,4820042646216,0.341318,0.230517,20085.26,8657.98,1.480663,
56.976816,3398,4820059414000,0.341735,0.234231,20087.27,8629.04,1.458963,
56.993708,3399,4820076181720,0.342221,0.230396,20093.27,8593.05,1.485358,
57.010329,3400,4820092948720,0.341911,0.227146,20088.63,8613.12,1.505250,170
57.027151,3401,4820109716240,0.341462,0.230486,20092.17,8625.09,1.481492,
57.043941,3402,4820126484144,0.341517,0.232035,20087.46,8608.31,1.471832,
57.060654,3403,4820143251648,0.341570,0.229393,20072.90,8629.84,1.489017,
57.077364,3404,4820160019736,0.341564,0.230966,20069.27,8638.99,1.478851,
57.094138,3405,4820176787720,0.341881,0.231749,20083.68,8632.73,1.475220,
57.110924,3406,4820193554552,0.341375,0.232989,20078.28,8615.91,1.465201,
57.127738,3407,4820210322736,0.341115,0.231044,20085.49,8543.04,1.476411,
57.144529,3408,4820227090088,0.342019,0.228969,20084.11,8570.27,1.493734,
57.161230,3409,4820243858200,0.341320,0.226784,20082.97,8611.55,1.505045,
57.178003,3410,4820260625832,0.340952,0.227525,20085.75,8613.69,1.498526,
57.194722,3411,4820277393496,0.341248,0.225638,20080.04,8593.51,1.512371,
57.211507,3412,4820294161184,0.341115,0.225347,20086.44,8584.92,1.513733,
57.228292,3413,4820310928720,0.340646,0.227925,20093.07,8634.05,1.494555,
57.245036,3414,4820327696592,0.341231,0.227533,20082.30,8612.58,1.499700,
57.261805,3415,4820344464184,0.340646,0.226224,20085.33,8639.12,1.505788,
57.278571,3416,4820361231464,0.341092,0.224227,20092.56,8587.94,1.521186,
57.295333,3417,4820377999088,0.341341,0.227751,20093.93,8551.28,1.498748,
57.312152,3418,4820394766592,0.340863,0.226272,20098.71,8588.52,1.506431,
57.328811,3419,4820411534664,0.340973,0.227187,20099.00,8614.63,1.500849,
57.345617,3420,4820428302088,0.341188,0.229022,20098.21,8600.95,1.489759,171
57.362429,3421,4820445070200,0.341255,0.228869,20106.50,8576.34,1.491052,
57.379264,3422,4820461837736,0.340964,0.230867,20099.19,8587.90,1.476886,
57.395959,3423,4820478604736,0.340905,0.231187,20098.71,8609.98,1.474587,
57.412721,3424,4820495373112,0.340720,0.226014,20102.16,8641.09,1.507514,
57.429462,3425,4820512140552,0.340771,0.230506,20096.36,8615.27,1.478360,
57.446259,3426,4820528908352,0.340489,0.229049,20091.83,8633.43,1.486533,
57.463093,3427,4820545676200,0.340909,0.230981,20105.22,8608.64,1.475920,
57.479801,3428,4820562443536,0.340449,0.230311,20100.38,8631.51,1.478216,
57.496543,3429,4820579210736,0.340880,0.228583,20103.72,8628.78,1.491273,
57.513313,3430,4820595978536,0.340667,0.228327,20107.17,8615.65,1.492012,
57.530105,3431,4820612746216,0.340630,0.226583,20106.64,8583.94,1.503333,
57.546942,3432,4820629514552,0.340628,0.227418,20093.64,8569.05,1.497809,
57.563648,3433,4820646282216,0.340773,0.225224,20091.60,8604.84,1.513041,
57.580480,3434,4820663049408,0.340865,0.226342,20096.88,8627.26,1.505977,
57.597247,3435,4820679816736,0.340975,0.229839,20088.22,8588.01,1.483536,
57.613939,3436,4820696585016,0.340872,0.229169,20097.47,8583.88,1.487426,
57.630713,3437,4820713351960,0.340885,0.227555,20105.02,8582.30,1.498031,
57.647513,3438,4820730119664,0.340935,0.228929,20098.11,8575.24,1.489264,
57.664245,3439,4820746887888,0.340551,0.228082,20086.66,8558.39,1.493108,
57.681027,3440,4820763655776,0.340406,0.232106,20091.63,8572.81,1.466594,172
57.697837,3441,4820780422736,0.340625,0.235428,20087.67,8557.98,1.446828,
57.714594,3442,4820797190480,0.340841,0.235887,20092.74,8592.84,1.444936,
57.731415,3443,4820813958464,0.340367,0.233913,20087.17,8581.34,1.455100,
57.748124,3444,4820830725848,0.339899,0.233331,20086.14,8564.67,1.456726,
57.764903,3445,4820847494184,0.340170,0.232012,20096.99,8627.69,1.466173,
57.781671,3446,4820864261088,0.340082,0.230182,20087.34,8647.80,1.477451,
57.798470,3447,4820881029216,0.339850,0.231239,20090.57,8649.22,1.469690,
57.815229,3448,4820897796592,0.340355,0.228173,20096.74,8644.20,1.491654,
57.831957,3449,4820914564216,0.340864,0.230182,20088.51,8630.48,1.480843,
57.848684,3450,4820931331552,0.340547,0.235133,20096.67,8667.51,1.448316,
57.865450,3451,4820948099960,0.339900,0.230603,20092.30,8656.51,1.473961,
57.882216,3452,4820964867440,0.340740,0.231827,20098.93,8626.44,1.469803,
57.898953,3453,4820981635384,0.340310,0.228456,20084.48,8651.46,1.489604,
57.915748,3454,4820998403000,0.340767,0.229842,20094.13,8630.90,1.482616,
57.932600,3455,4821015170552,0.340489,0.229333,20096.08,8638.64,1.484693,
57.949346,3456,4821031938000,0.340617,0.230810,20098.57,8644.08,1.475747,
57.966092,3457,4821048705520,0.340640,0.230520,20083.96,8592.70,1.477702,
57.982871,3458,4821065473760,0.340471,0.231362,20082.93,8542.28,1.471594,
57.999663,3459,4821082241296,0.340500,0.229718,20090.96,8560.76,1.482253,
58.016304,3460,4821099008816,0.340596,0.228156,20100.33,8587.78,1.492825,173
58.033168,3461,4821115776680,0.340760,0.233007,20099.91,8562.21,1.462444,
58.049939,3462,4821132543592,0.340993,0.231209,20102.87,8590.84,1.474824,
58.066648,3463,4821149311184,0.341307,0.233820,20098.19,8562.62,1.459697,
58.083458,3464,4821166079112,0.340708,0.231111,20088.01,8543.48,1.474217,
58.100197,3465,4821182846720,0.340539,0.232748,20084.80,8557.96,1.463122,
58.116966,3466,4821199614328,0.340763,0.228616,20091.55,8580.35,1.490548,
58.133742,3467,4821216382704,0.341274,0.229745,20093.99,8595.15,1.485447,
58.150495,3468,4821233149568,0.340950,0.235376,20087.97,8611.28,1.448534,
58.167314,3469,4821249917736,0.340867,0.230875,20094.02,8614.89,1.476413,
58.184068,3470,4821266685464,0.340798,0.232020,20096.99,8640.42,1.468829,
58.200797,3471,4821283453144,0.340772,0.230642,20095.00,8598.96,1.477493,
58.217619,3472,4821300220496,0.340900,0.233212,20084.40,8618.37,1.461761,
58.234342,3473,4821316988072,0.340444,0.232197,20092.98,8630.24,1.466184,
58.251031,3474,4821333755464,0.341129,0.231419,20098.75,8590.58,1.474073,
58.267860,3475,4821350523072,0.341263,0.231233,20094.20,8642.78,1.475837,
58.284692,3476,4821367291328,0.341034,0.230636,20090.80,8591.08,1.478665,
58.301423,3477,4821384059240,0.340034,0.231624,20091.12,8578.43,1.468043,
58.318236,3478,4821400826512,0.340764,0.230673,20088.27,8603.64,1.477260,
58.334948,3479,4821417594240,0.341105,0.229846,20092.95,8637.75,1.484058,
58.351728,3480,4821434361848,0.340903,0.228433,20086.23,8575.55,1.492358,174
58.368467,3481,4821451129664,0.340949,0.230339,20091.91,8681.72,1.480208,
58.385301,3482,4821467897112,0.340441,0.231578,20087.46,8650.24,1.470097,
58.402038,3483,4821484664736,0.340573,0.230805,20088.46,8663.06,1.475587,
58.418794,3484,4821501432592,0.340767,0.231132,20097.34,8678.65,1.474340,
58.435558,3485,4821518200256,0.340584,0.228129,20091.46,8706.38,1.492945,
58.452359,3486,4821534967512,0.340321,0.225460,20099.39,8686.32,1.509449,
58.469117,3487,4821551735240,0.341125,0.227306,20095.92,8641.09,1.500733,
58.486006,3488,4821568503552,0.341120,0.235019,20101.69,8645.42,1.451458,
58.502649,3489,4821585270736,0.340618,0.232318,20095.87,8664.51,1.466173,
58.519490,3490,4821602038552,0.340807,0.232658,20097.68,8635.90,1.464843,
58.536237,3491,4821618805736,0.340828,0.226473,20093.64,8657.30,1.504940,
58.552962,3492,4821635574072,0.341133,0.226812,20099.89,8639.04,1.504033,
58.569755,3493,4821652341576,0.340985,0.228402,20105.00,8673.89,1.492919,
58.586458,3494,4821669109056,0.341156,0.232226,20108.39,8683.32,1.469068,
58.603210,3495,4821685876704,0.340156,0.233159,20094.69,8706.77,1.458905,
58.620025,3496,4821702644016,0.340516,0.234086,20090.14,8702.04,1.454662,
58.636776,3497,4821719411680,0.341306,0.238110,20100.12,8707.81,1.433397,
58.653524,3498,4821736179592,0.341081,0.234078,20102.78,8664.22,1.457126,
58.670332,3499,4821752947216,0.341096,0.233938,20098.32,8641.96,1.458059,
58.687147,3500,4821769714536,0.341000,0.234105,20106.25,8655.66,1.456610,175
58.703908,3501,4821786482568,0.341486,0.231139,20106.66,8639.10,1.477406,
58.720649,3502,4821803250512,0.340894,0.229946,20099.16,8646.20,1.482495,
58.737354,3503,4821820018016,0.341463,0.235458,20099.47,8642.88,1.450210,
58.754125,3504,4821836786088,0.340954,0.233118,20092.06,8643.21,1.462581,
58.770888,3505,4821853553704,0.341186,0.235060,20102.29,8692.18,1.451487,
58.787641,3506,4821870320664,0.341228,0.231239,20095.90,8635.00,1.475651,
58.804429,3507,4821887088256,0.341604,0.227934,20096.17,8586.99,1.498695,
58.821164,3508,4821903856480,0.341203,0.227050,20103.19,8572.58,1.502768,
58.837988,3509,4821920624440,0.340994,0.226249,20103.72,8603.08,1.507164,
58.854742,3510,4821937391464,0.341023,0.230209,20095.25,8560.27,1.481362,
58.871475,3511,4821954159680,0.341405,0.229406,20095.30,8551.16,1.488214,
58.888398,3512,4821970926664,0.341639,0.233062,20102.30,8555.50,1.465872,
58.905143,3513,4821987694184,0.341466,0.229536,20109.29,8560.14,1.487633,
58.921893,3514,4822004462016,0.341276,0.231876,20099.14,8634.98,1.471802,
58.938731,3515,4822021229624,0.341077,0.228497,20087.57,8638.58,1.492695,
58.955450,3516,4822037998016,0.341328,0.231152,20094.73,8622.38,1.476642,
58.972174,3517,4822054765736,0.341462,0.230970,20096.62,8635.39,1.478382,
58.988925,3518,4822071533072,0.341374,0.231552,20101.68,8649.64,1.474284,
59.005735,3519,4822088300848,0.341155,0.232065,20106.75,8629.80,1.470083,
59.022423,3520,4822105067760,0.341330,0.234474,20107.36,8610.21,1.455724,176
59.039219,3521,4822121836240,0.341798,0.232888,20105.26,8628.24,1.467652,
59.056060,3522,4822138603144,0.341975,0.232237,20102.52,8592.52,1.472525,
59.072788,3523,4822155371424,0.342013,0.231338,20104.16,8593.40,1.478411,
59.089512,3524,4822172138760,0.341862,0.232477,20103.70,8620.23,1.470523,
59.106344,3525,4822188906720,0.341338,0.232142,20101.35,8589.45,1.470385,
59.123086,3526,4822205673704,0.341108,0.236444,20111.05,8611.76,1.442658,
59.139765,3527,4822222442184,0.341694,0.231226,20107.85,8623.62,1.477753,
59.156670,3528,4822239209568,0.341447,0.232797,20102.21,8638.57,1.466715,
59.173387,3529,4822255977568,0.341554,0.232007,20105.03,8603.09,1.472166,
59.190097,3530,4822272744408,0.341599,0.233149,20114.44,8631.55,1.465150,
59.206935,3531,4822289512256,0.341541,0.233481,20099.21,8641.15,1.462821,
59.223710,3532,4822306280352,0.341253,0.230128,20102.46,8620.01,1.482883,
59.240706,3533,4822323048240,0.341527,0.227540,20094.73,8615.44,1.500953,
59.257157,3534,4822339815664,0.341704,0.232486,20099.72,8582.75,1.469784,
59.273920,3535,4822356582776,0.341974,0.227436,20097.45,8595.11,1.503602,
59.290724,3536,4822373350520,0.341650,0.231552,20097.02,8612.44,1.475478,
59.307463,3537,4822390118944,0.341470,0.227940,20100.27,8582.47,1.498071,
59.324253,3538,4822406885904,0.341996,0.229257,20096.83,8597.00,1.491757,
59.341013,3539,4822423654200,0.341864,0.226048,20105.16,8609.82,1.512351,
59.357837,3540,4822440421088,0.341286,0.224513,20095.87,8604.50,1.520116,177
59.374676,3541,4822457189200,0.342005,0.224182,20093.80,8612.92,1.525570,
59.391419,3542,4822473957056,0.341639,0.225365,20099.39,8655.65,1.515939,
59.408102,3543,4822490724240,0.341514,0.229406,20091.26,8631.97,1.488690,
59.424897,3544,4822507492056,0.341499,0.230014,20098.04,8655.55,1.484685,
59.441617,3545,4822524259664,0.341572,0.227800,20092.50,8636.75,1.499438,
59.458504,3546,4822541027568,0.341765,0.226101,20094.85,8626.70,1.511558,
59.475243,3547,4822557795216,0.342018,0.228939,20086.54,8669.98,1.493929,
59.492026,3548,4822574562960,0.341612,0.226048,20095.15,8664.54,1.511241,
59.508756,3549,4822591329976,0.341441,0.228257,20099.85,8659.71,1.495860,
59.525475,3550,4822608098000,0.341616,0.223880,20093.47,8659.87,1.525887,
59.542289,3551,4822624866144,0.341938,0.226857,20088.42,8636.40,1.507289,
59.558990,3552,4822641633552,0.341995,0.229531,20094.28,8625.83,1.489975,
59.575840,3553,4822658400680,0.341450,0.228601,20093.18,8634.09,1.493649,
59.592659,3554,4822675168888,0.341477,0.228354,20086.44,8662.56,1.495383,
59.609374,3555,4822691936144,0.341972,0.226260,20089.91,8673.97,1.511415,
59.626070,3556,4822708703888,0.341681,0.227017,20086.16,8662.27,1.505095,
59.642848,3557,4822725471168,0.341328,0.226468,20078.19,8606.69,1.507180,
59.659729,3558,4822742239088,0.341459,0.227928,20081.84,8588.13,1.498101,
59.676443,3559,4822759007256,0.341419,0.226829,20081.81,8603.81,1.505179,
59.693200,3560,4822775774792,0.342316,0.225772,20081.90,8599.64,1.516205,178
59.709968,3561,4822792542240,0.342106,0.227985,20086.60,8606.44,1.500564,
59.726756,3562,4822809310112,0.341746,0.228461,20083.88,8618.78,1.495864,
59.743425,3563,4822826077184,0.341750,0.226572,20078.22,8583.12,1.508350,
59.760223,3564,4822842844888,0.341769,0.223887,20069.29,8561.34,1.526523,
59.777068,3565,4822859613296,0.342080,0.227450,20074.39,8579.10,1.503981,
59.793754,3566,4822876380592,0.342349,0.231444,20085.93,8562.06,1.479191,
59.810509,3567,4822893148184,0.342928,0.228777,20084.64,8562.35,1.498963,
59.827293,3568,4822909915976,0.342264,0.227144,20078.46,8570.37,1.506817,
59.844129,3569,4822926683240,0.341867,0.229465,20067.97,8582.66,1.489841,
59.860825,3570,4822943451144,0.342081,0.232145,20066.01,8600.49,1.473566,
59.877587,3571,4822960219216,0.342019,0.231173,20072.77,8574.32,1.479496,
59.894362,3572,4822976986536,0.341887,0.231880,20070.00,8590.07,1.474412,
59.911070,3573,4822993753720,0.342433,0.228362,20066.54,8568.38,1.499520,
59.928170,3574,4823010521520,0.342610,0.226538,20068.18,8575.37,1.512371,
59.944770,3575,4823027289976,0.342065,0.227943,20068.49,8580.26,1.500662,
59.961433,3576,4823044057480,0.342119,0.230337,20067.69,8594.70,1.485297,
59.978177,3577,4823060824408,0.342526,0.230486,20062.10,8609.38,1.486102,
59.995064,3578,4823077592464,0.342398,0.233250,20060.64,8587.92,1.467945,
60.011715,3579,4823094360240,0.342301,0.227571,20067.16,8609.12,1.504150,
